,0,1,2
0,/content/drive/MyDrive/ucf_experiments/ciclo_experimental_1/data/data_blur/train/Robbery062_x264-471d61e05e_0_bright_blur.mp4,/content/drive/MyDrive/ucf_experiments/ciclo_experimental_1/data/data_crop/train/Robbery062_x264-471d61e05e_0_bright_crop.mp4,0
1,/content/drive/MyDrive/ucf_experiments/ciclo_experimental_1/data/data_blur/train/Abuse031_x264-e1ab1b26d4_0_bright_blur.mp4,/content/drive/MyDrive/ucf_experiments/ciclo_experimental_1/data/data_crop/train/Abuse031_x264-e1ab1b26d4_0_bright_crop.mp4,0
2,/content/drive/MyDrive/ucf_experiments/ciclo_experimental_1/data/data_blur/train/Arrest017_x264-95d2b5b019_0_bright_blur.mp4,/content/drive/MyDrive/ucf_experiments/ciclo_experimental_1/data/data_crop/train/Arrest017_x264-95d2b5b019_0_bright_crop.mp4,0
3,/content/drive/MyDrive/ucf_experiments/ciclo_experimental_1/data/data_blur/train/Fighting036_x264-fd9ee627f3_1_bright_blur.mp4,/content/drive/MyDrive/ucf_experiments/ciclo_experimental_1/data/data_crop/train/Fighting036_x264-fd9ee627f3_1_bright_crop.mp4,1
4,/content/drive/MyDrive/ucf_experiments/ciclo_experimental_1/data/data_blur/train/Assault015_x264-bfdfc67a18_0_bright_blur.mp4,/content/drive/MyDrive/ucf_experiments/ciclo_experimental_1/data/data_crop/train/Assault015_x264-bfdfc67a18_0_bright_crop.mp4,0
5,/content/drive/MyDrive/ucf_experiments/ciclo_experimental_1/data/data_blur/train/Assault014_x264-dae71816fd_0_bright_blur.mp4,/content/drive/MyDrive/ucf_experiments/ciclo_experimental_1/data/data_crop/train/Assault014_x264-dae71816fd_0_bright_crop.mp4,0
6,/content/drive/MyDrive/ucf_experiments/ciclo_experimental_1/data/data_blur/train/Robbery071_x264-0e282922fe_0_bright_blur.mp4,/content/drive/MyDrive/ucf_experiments/ciclo_experimental_1/data/data_crop/train/Robbery071_x264-0e282922fe_0_bright_crop.mp4,0
7,/content/drive/MyDrive/ucf_experiments/ciclo_experimental_1/data/data_blur/train/Robbery064_x264-211689e80b_0_bright_blur.mp4,/content/drive/MyDrive/ucf_experiments/ciclo_experimental_1/data/data_crop/train/Robbery064_x264-211689e80b_0_bright_crop.mp4,0
8,/content/drive/MyDrive/ucf_experiments/ciclo_experimental_1/data/data_blur/train/Arrest003_x264-b5058b2b70_0_bright_blur.mp4,/content/drive/MyDrive/ucf_experiments/ciclo_experimental_1/data/data_crop/train/Arrest003_x264-b5058b2b70_0_bright_crop.mp4,0
9,/content/drive/MyDrive/ucf_experiments/ciclo_experimental_1/data/data_blur/train/Assault017_x264-56c2648221_1_bright_blur.mp4,/content/drive/MyDrive/ucf_experiments/ciclo_experimental_1/data/data_crop/train/Assault017_x264-56c2648221_1_bright_crop.mp4,1
10,/content/drive/MyDrive/ucf_experiments/ciclo_experimental_1/data/data_blur/train/Assault007_x264-d59d7d1eef_1_bright_blur.mp4,/content/drive/MyDrive/ucf_experiments/ciclo_experimental_1/data/data_crop/train/Assault007_x264-d59d7d1eef_1_bright_crop.mp4,1
11,/content/drive/MyDrive/ucf_experiments/ciclo_experimental_1/data/data_blur/train/Abuse023_x264-3acf04af06_1_bright_blur.mp4,/content/drive/MyDrive/ucf_experiments/ciclo_experimental_1/data/data_crop/train/Abuse023_x264-3acf04af06_1_bright_crop.mp4,1
12,/content/drive/MyDrive/ucf_experiments/ciclo_experimental_1/data/data_blur/train/Arrest025_x264-9c8db8e0f4_1_bright_blur.mp4,/content/drive/MyDrive/ucf_experiments/ciclo_experimental_1/data/data_crop/train/Arrest025_x264-9c8db8e0f4_1_bright_crop.mp4,1
13,/content/drive/MyDrive/ucf_experiments/ciclo_experimental_1/data/data_blur/train/Arrest023_x264-a9c28fac04_1_bright_blur.mp4,/content/drive/MyDrive/ucf_experiments/ciclo_experimental_1/data/data_crop/train/Arrest023_x264-a9c28fac04_1_bright_crop.mp4,1
14,/content/drive/MyDrive/ucf_experiments/ciclo_experimental_1/data/data_blur/train/Abuse009_x264-a2bc831c85_1_bright_blur.mp4,/content/drive/MyDrive/ucf_experiments/ciclo_experimental_1/data/data_crop/train/Abuse009_x264-a2bc831c85_1_bright_crop.mp4,1
15,/content/drive/MyDrive/ucf_experiments/ciclo_experimental_1/data/data_blur/train/Fighting036_x264-935bef80e5_1_bright_blur.mp4,/content/drive/MyDrive/ucf_experiments/ciclo_experimental_1/data/data_crop/train/Fighting036_x264-935bef80e5_1_bright_crop.mp4,1
16,/content/drive/MyDrive/ucf_experiments/ciclo_experimental_1/data/data_blur/train/Robbery093_x264-3a1501a815_0_bright_blur.mp4,/content/drive/MyDrive/ucf_experiments/ciclo_experimental_1/data/data_crop/train/Robbery093_x264-3a1501a815_0_bright_crop.mp4,0
17,/content/drive/MyDrive/ucf_experiments/ciclo_experimental_1/data/data_blur/train/Arrest017_x264-eacf0a0b5a_0_bright_blur.mp4,/content/drive/MyDrive/ucf_experiments/ciclo_experimental_1/data/data_crop/train/Arrest017_x264-eacf0a0b5a_0_bright_crop.mp4,0
18,/content/drive/MyDrive/ucf_experiments/ciclo_experimental_1/data/data_blur/train/Fighting051_x264-db34728da7_1_bright_blur.mp4,/content/drive/MyDrive/ucf_experiments/ciclo_experimental_1/data/data_crop/train/Fighting051_x264-db34728da7_1_bright_crop.mp4,1
19,/content/drive/MyDrive/ucf_experiments/ciclo_experimental_1/data/data_blur/train/Arrest017_x264-84d74300f2_0_bright_blur.mp4,/content/drive/MyDrive/ucf_experiments/ciclo_experimental_1/data/data_crop/train/Arrest017_x264-84d74300f2_0_bright_crop.mp4,0
20,/content/drive/MyDrive/ucf_experiments/ciclo_experimental_1/data/data_blur/train/Arrest029_x264-f191391551_1_bright_blur.mp4,/content/drive/MyDrive/ucf_experiments/ciclo_experimental_1/data/data_crop/train/Arrest029_x264-f191391551_1_bright_crop.mp4,1
21,/content/drive/MyDrive/ucf_experiments/ciclo_experimental_1/data/data_blur/train/Fighting025_x264-ae949f04af_1_bright_blur.mp4,/content/drive/MyDrive/ucf_experiments/ciclo_experimental_1/data/data_crop/train/Fighting025_x264-ae949f04af_1_bright_crop.mp4,1
22,/content/drive/MyDrive/ucf_experiments/ciclo_experimental_1/data/data_blur/train/Fighting027_x264-f714e9076c_1_bright_blur.mp4,/content/drive/MyDrive/ucf_experiments/ciclo_experimental_1/data/data_crop/train/Fighting027_x264-f714e9076c_1_bright_crop.mp4,1
23,/content/drive/MyDrive/ucf_experiments/ciclo_experimental_1/data/data_blur/train/Arrest025_x264-8e5ee2a032_0_bright_blur.mp4,/content/drive/MyDrive/ucf_experiments/ciclo_experimental_1/data/data_crop/train/Arrest025_x264-8e5ee2a032_0_bright_crop.mp4,0
24,/content/drive/MyDrive/ucf_experiments/ciclo_experimental_1/data/data_blur/train/Robbery030_x264-8b4e8198ba_0_bright_blur.mp4,/content/drive/MyDrive/ucf_experiments/ciclo_experimental_1/data/data_crop/train/Robbery030_x264-8b4e8198ba_0_bright_crop.mp4,0
25,/content/drive/MyDrive/ucf_experiments/ciclo_experimental_1/data/data_blur/train/Abuse044_x264-af8bc940a6_0_bright_blur.mp4,/content/drive/MyDrive/ucf_experiments/ciclo_experimental_1/data/data_crop/train/Abuse044_x264-af8bc940a6_0_bright_crop.mp4,0
26,/content/drive/MyDrive/ucf_experiments/ciclo_experimental_1/data/data_blur/train/Robbery054_x264-1f2a984eaa_0_bright_blur.mp4,/content/drive/MyDrive/ucf_experiments/ciclo_experimental_1/data/data_crop/train/Robbery054_x264-1f2a984eaa_0_bright_crop.mp4,0
27,/content/drive/MyDrive/ucf_experiments/ciclo_experimental_1/data/data_blur/train/Arrest013_x264-b54fe326d2_0_bright_blur.mp4,/content/drive/MyDrive/ucf_experiments/ciclo_experimental_1/data/data_crop/train/Arrest013_x264-b54fe326d2_0_bright_crop.mp4,0
28,/content/drive/MyDrive/ucf_experiments/ciclo_experimental_1/data/data_blur/train/Abuse046_x264-e31fc048f8_1_bright_blur.mp4,/content/drive/MyDrive/ucf_experiments/ciclo_experimental_1/data/data_crop/train/Abuse046_x264-e31fc048f8_1_bright_crop.mp4,1
29,/content/drive/MyDrive/ucf_experiments/ciclo_experimental_1/data/data_blur/train/Fighting025_x264-b480e64ce7_0_bright_blur.mp4,/content/drive/MyDrive/ucf_experiments/ciclo_experimental_1/data/data_crop/train/Fighting025_x264-b480e64ce7_0_bright_crop.mp4,0
30,/content/drive/MyDrive/ucf_experiments/ciclo_experimental_1/data/data_blur/train/Abuse018_x264-859e2b0266_1_bright_blur.mp4,/content/drive/MyDrive/ucf_experiments/ciclo_experimental_1/data/data_crop/train/Abuse018_x264-859e2b0266_1_bright_crop.mp4,1
31,/content/drive/MyDrive/ucf_experiments/ciclo_experimental_1/data/data_blur/train/Robbery035_x264-0fdbc12736_0_bright_blur.mp4,/content/drive/MyDrive/ucf_experiments/ciclo_experimental_1/data/data_crop/train/Robbery035_x264-0fdbc12736_0_bright_crop.mp4,0
32,/content/drive/MyDrive/ucf_experiments/ciclo_experimental_1/data/data_blur/train/Assault018_x264-60b0c7afc5_0_bright_blur.mp4,/content/drive/MyDrive/ucf_experiments/ciclo_experimental_1/data/data_crop/train/Assault018_x264-60b0c7afc5_0_bright_crop.mp4,0
33,/content/drive/MyDrive/ucf_experiments/ciclo_experimental_1/data/data_blur/train/Robbery025_x264-27906a05ae_1_bright_blur.mp4,/content/drive/MyDrive/ucf_experiments/ciclo_experimental_1/data/data_crop/train/Robbery025_x264-27906a05ae_1_bright_crop.mp4,1
34,/content/drive/MyDrive/ucf_experiments/ciclo_experimental_1/data/data_blur/train/Fighting024_x264-81b73614e7_0_bright_blur.mp4,/content/drive/MyDrive/ucf_experiments/ciclo_experimental_1/data/data_crop/train/Fighting024_x264-81b73614e7_0_bright_crop.mp4,0
35,/content/drive/MyDrive/ucf_experiments/ciclo_experimental_1/data/data_blur/train/Robbery035_x264-da0547fe13_0_bright_blur.mp4,/content/drive/MyDrive/ucf_experiments/ciclo_experimental_1/data/data_crop/train/Robbery035_x264-da0547fe13_0_bright_crop.mp4,0
36,/content/drive/MyDrive/ucf_experiments/ciclo_experimental_1/data/data_blur/train/Robbery006_x264-beb8fb68dc_1_bright_blur.mp4,/content/drive/MyDrive/ucf_experiments/ciclo_experimental_1/data/data_crop/train/Robbery006_x264-beb8fb68dc_1_bright_crop.mp4,1
37,/content/drive/MyDrive/ucf_experiments/ciclo_experimental_1/data/data_blur/train/Arrest034_x264-2fafcd7f55_0_bright_blur.mp4,/content/drive/MyDrive/ucf_experiments/ciclo_experimental_1/data/data_crop/train/Arrest034_x264-2fafcd7f55_0_bright_crop.mp4,0
38,/content/drive/MyDrive/ucf_experiments/ciclo_experimental_1/data/data_blur/train/Assault051_x264-bdc68d096d_0_bright_blur.mp4,/content/drive/MyDrive/ucf_experiments/ciclo_experimental_1/data/data_crop/train/Assault051_x264-bdc68d096d_0_bright_crop.mp4,0
39,/content/drive/MyDrive/ucf_experiments/ciclo_experimental_1/data/data_blur/train/Robbery041_x264-b68b741af4_0_bright_blur.mp4,/content/drive/MyDrive/ucf_experiments/ciclo_experimental_1/data/data_crop/train/Robbery041_x264-b68b741af4_0_bright_crop.mp4,0
40,/content/drive/MyDrive/ucf_experiments/ciclo_experimental_1/data/data_blur/train/Fighting013_x264-f87251b628_1_bright_blur.mp4,/content/drive/MyDrive/ucf_experiments/ciclo_experimental_1/data/data_crop/train/Fighting013_x264-f87251b628_1_bright_crop.mp4,1
41,/content/drive/MyDrive/ucf_experiments/ciclo_experimental_1/data/data_blur/train/Robbery033_x264-185c6ba077_1_bright_blur.mp4,/content/drive/MyDrive/ucf_experiments/ciclo_experimental_1/data/data_crop/train/Robbery033_x264-185c6ba077_1_bright_crop.mp4,1
42,/content/drive/MyDrive/ucf_experiments/ciclo_experimental_1/data/data_blur/train/Assault051_x264-449465049a_1_bright_blur.mp4,/content/drive/MyDrive/ucf_experiments/ciclo_experimental_1/data/data_crop/train/Assault051_x264-449465049a_1_bright_crop.mp4,1
43,/content/drive/MyDrive/ucf_experiments/ciclo_experimental_1/data/data_blur/train/Robbery016_x264-92208bfe1a_1_bright_blur.mp4,/content/drive/MyDrive/ucf_experiments/ciclo_experimental_1/data/data_crop/train/Robbery016_x264-92208bfe1a_1_bright_crop.mp4,1
44,/content/drive/MyDrive/ucf_experiments/ciclo_experimental_1/data/data_blur/train/Robbery016_x264-967dc8dc12_1_bright_blur.mp4,/content/drive/MyDrive/ucf_experiments/ciclo_experimental_1/data/data_crop/train/Robbery016_x264-967dc8dc12_1_bright_crop.mp4,1
45,/content/drive/MyDrive/ucf_experiments/ciclo_experimental_1/data/data_blur/train/Fighting006_x264-149525bc5f_0_bright_blur.mp4,/content/drive/MyDrive/ucf_experiments/ciclo_experimental_1/data/data_crop/train/Fighting006_x264-149525bc5f_0_bright_crop.mp4,0
46,/content/drive/MyDrive/ucf_experiments/ciclo_experimental_1/data/data_blur/train/Assault027_x264-4b0a6d56cf_1_bright_blur.mp4,/content/drive/MyDrive/ucf_experiments/ciclo_experimental_1/data/data_crop/train/Assault027_x264-4b0a6d56cf_1_bright_crop.mp4,1
47,/content/drive/MyDrive/ucf_experiments/ciclo_experimental_1/data/data_blur/train/Robbery025_x264-f327ada88c_1_bright_blur.mp4,/content/drive/MyDrive/ucf_experiments/ciclo_experimental_1/data/data_crop/train/Robbery025_x264-f327ada88c_1_bright_crop.mp4,1
48,/content/drive/MyDrive/ucf_experiments/ciclo_experimental_1/data/data_blur/train/Robbery025_x264-08ba54c77c_0_bright_blur.mp4,/content/drive/MyDrive/ucf_experiments/ciclo_experimental_1/data/data_crop/train/Robbery025_x264-08ba54c77c_0_bright_crop.mp4,0
49,/content/drive/MyDrive/ucf_experiments/ciclo_experimental_1/data/data_blur/train/Assault004_x264-67d8fa6a62_0_bright_blur.mp4,/content/drive/MyDrive/ucf_experiments/ciclo_experimental_1/data/data_crop/train/Assault004_x264-67d8fa6a62_0_bright_crop.mp4,0
50,/content/drive/MyDrive/ucf_experiments/ciclo_experimental_1/data/data_blur/train/Abuse026_x264-1e63d7fc9d_1_bright_blur.mp4,/content/drive/MyDrive/ucf_experiments/ciclo_experimental_1/data/data_crop/train/Abuse026_x264-1e63d7fc9d_1_bright_crop.mp4,1
51,/content/drive/MyDrive/ucf_experiments/ciclo_experimental_1/data/data_blur/train/Assault050_x264-977da04ccf_1_bright_blur.mp4,/content/drive/MyDrive/ucf_experiments/ciclo_experimental_1/data/data_crop/train/Assault050_x264-977da04ccf_1_bright_crop.mp4,1
52,/content/drive/MyDrive/ucf_experiments/ciclo_experimental_1/data/data_blur/train/Assault031_x264-4f4790fba9_0_bright_blur.mp4,/content/drive/MyDrive/ucf_experiments/ciclo_experimental_1/data/data_crop/train/Assault031_x264-4f4790fba9_0_bright_crop.mp4,0
53,/content/drive/MyDrive/ucf_experiments/ciclo_experimental_1/data/data_blur/train/Fighting004_x264-e67901c717_1_bright_blur.mp4,/content/drive/MyDrive/ucf_experiments/ciclo_experimental_1/data/data_crop/train/Fighting004_x264-e67901c717_1_bright_crop.mp4,1
54,/content/drive/MyDrive/ucf_experiments/ciclo_experimental_1/data/data_blur/train/Robbery056_x264-1d97b3932f_1_bright_blur.mp4,/content/drive/MyDrive/ucf_experiments/ciclo_experimental_1/data/data_crop/train/Robbery056_x264-1d97b3932f_1_bright_crop.mp4,1
55,/content/drive/MyDrive/ucf_experiments/ciclo_experimental_1/data/data_blur/train/Robbery100_x264-0222627c0d_1_bright_blur.mp4,/content/drive/MyDrive/ucf_experiments/ciclo_experimental_1/data/data_crop/train/Robbery100_x264-0222627c0d_1_bright_crop.mp4,1
56,/content/drive/MyDrive/ucf_experiments/ciclo_experimental_1/data/data_blur/train/Assault050_x264-70334e4611_1_bright_blur.mp4,/content/drive/MyDrive/ucf_experiments/ciclo_experimental_1/data/data_crop/train/Assault050_x264-70334e4611_1_bright_crop.mp4,1
57,/content/drive/MyDrive/ucf_experiments/ciclo_experimental_1/data/data_blur/train/Fighting010_x264-482a1b3dfa_0_bright_blur.mp4,/content/drive/MyDrive/ucf_experiments/ciclo_experimental_1/data/data_crop/train/Fighting010_x264-482a1b3dfa_0_bright_crop.mp4,0
58,/content/drive/MyDrive/ucf_experiments/ciclo_experimental_1/data/data_blur/train/Assault052_x264-62f28b54b0_0_bright_blur.mp4,/content/drive/MyDrive/ucf_experiments/ciclo_experimental_1/data/data_crop/train/Assault052_x264-62f28b54b0_0_bright_crop.mp4,0
59,/content/drive/MyDrive/ucf_experiments/ciclo_experimental_1/data/data_blur/train/Arrest020_x264-9e08ee6a90_0_bright_blur.mp4,/content/drive/MyDrive/ucf_experiments/ciclo_experimental_1/data/data_crop/train/Arrest020_x264-9e08ee6a90_0_bright_crop.mp4,0
60,/content/drive/MyDrive/ucf_experiments/ciclo_experimental_1/data/data_blur/train/Robbery006_x264-2f6e420b67_1_bright_blur.mp4,/content/drive/MyDrive/ucf_experiments/ciclo_experimental_1/data/data_crop/train/Robbery006_x264-2f6e420b67_1_bright_crop.mp4,1
61,/content/drive/MyDrive/ucf_experiments/ciclo_experimental_1/data/data_blur/train/Abuse021_x264-86f777228a_1_bright_blur.mp4,/content/drive/MyDrive/ucf_experiments/ciclo_experimental_1/data/data_crop/train/Abuse021_x264-86f777228a_1_bright_crop.mp4,1
62,/content/drive/MyDrive/ucf_experiments/ciclo_experimental_1/data/data_blur/train/Abuse041_x264-77b46ff79d_0_bright_blur.mp4,/content/drive/MyDrive/ucf_experiments/ciclo_experimental_1/data/data_crop/train/Abuse041_x264-77b46ff79d_0_bright_crop.mp4,0
63,/content/drive/MyDrive/ucf_experiments/ciclo_experimental_1/data/data_blur/train/Assault036_x264-df1f079141_1_bright_blur.mp4,/content/drive/MyDrive/ucf_experiments/ciclo_experimental_1/data/data_crop/train/Assault036_x264-df1f079141_1_bright_crop.mp4,1
64,/content/drive/MyDrive/ucf_experiments/ciclo_experimental_1/data/data_blur/train/Assault013_x264-0cb7b75f4d_1_bright_blur.mp4,/content/drive/MyDrive/ucf_experiments/ciclo_experimental_1/data/data_crop/train/Assault013_x264-0cb7b75f4d_1_bright_crop.mp4,1
65,/content/drive/MyDrive/ucf_experiments/ciclo_experimental_1/data/data_blur/train/Robbery054_x264-85fea2eb33_0_bright_blur.mp4,/content/drive/MyDrive/ucf_experiments/ciclo_experimental_1/data/data_crop/train/Robbery054_x264-85fea2eb33_0_bright_crop.mp4,0
66,/content/drive/MyDrive/ucf_experiments/ciclo_experimental_1/data/data_blur/train/Robbery037_x264-26ee98a040_0_bright_blur.mp4,/content/drive/MyDrive/ucf_experiments/ciclo_experimental_1/data/data_crop/train/Robbery037_x264-26ee98a040_0_bright_crop.mp4,0
67,/content/drive/MyDrive/ucf_experiments/ciclo_experimental_1/data/data_blur/train/Robbery099_x264-8b17286192_1_bright_blur.mp4,/content/drive/MyDrive/ucf_experiments/ciclo_experimental_1/data/data_crop/train/Robbery099_x264-8b17286192_1_bright_crop.mp4,1
68,/content/drive/MyDrive/ucf_experiments/ciclo_experimental_1/data/data_blur/train/Fighting020_x264-719eab8343_0_bright_blur.mp4,/content/drive/MyDrive/ucf_experiments/ciclo_experimental_1/data/data_crop/train/Fighting020_x264-719eab8343_0_bright_crop.mp4,0
69,/content/drive/MyDrive/ucf_experiments/ciclo_experimental_1/data/data_blur/train/Assault051_x264-86ab04b827_1_bright_blur.mp4,/content/drive/MyDrive/ucf_experiments/ciclo_experimental_1/data/data_crop/train/Assault051_x264-86ab04b827_1_bright_crop.mp4,1
70,/content/drive/MyDrive/ucf_experiments/ciclo_experimental_1/data/data_blur/train/Fighting026_x264-a62aa46144_1_bright_blur.mp4,/content/drive/MyDrive/ucf_experiments/ciclo_experimental_1/data/data_crop/train/Fighting026_x264-a62aa46144_1_bright_crop.mp4,1
71,/content/drive/MyDrive/ucf_experiments/ciclo_experimental_1/data/data_blur/train/Robbery087_x264-fc8df5351d_0_bright_blur.mp4,/content/drive/MyDrive/ucf_experiments/ciclo_experimental_1/data/data_crop/train/Robbery087_x264-fc8df5351d_0_bright_crop.mp4,0
72,/content/drive/MyDrive/ucf_experiments/ciclo_experimental_1/data/data_blur/train/Robbery031_x264-79e5b856ba_0_bright_blur.mp4,/content/drive/MyDrive/ucf_experiments/ciclo_experimental_1/data/data_crop/train/Robbery031_x264-79e5b856ba_0_bright_crop.mp4,0
73,/content/drive/MyDrive/ucf_experiments/ciclo_experimental_1/data/data_blur/train/Arrest002_x264-299b6c53f4_1_bright_blur.mp4,/content/drive/MyDrive/ucf_experiments/ciclo_experimental_1/data/data_crop/train/Arrest002_x264-299b6c53f4_1_bright_crop.mp4,1
74,/content/drive/MyDrive/ucf_experiments/ciclo_experimental_1/data/data_blur/train/Fighting007_x264-bff49ee61b_1_bright_blur.mp4,/content/drive/MyDrive/ucf_experiments/ciclo_experimental_1/data/data_crop/train/Fighting007_x264-bff49ee61b_1_bright_crop.mp4,1
75,/content/drive/MyDrive/ucf_experiments/ciclo_experimental_1/data/data_blur/train/Assault031_x264-5992fc90c0_0_bright_blur.mp4,/content/drive/MyDrive/ucf_experiments/ciclo_experimental_1/data/data_crop/train/Assault031_x264-5992fc90c0_0_bright_crop.mp4,0
76,/content/drive/MyDrive/ucf_experiments/ciclo_experimental_1/data/data_blur/train/Robbery060_x264-b22ce98983_1_bright_blur.mp4,/content/drive/MyDrive/ucf_experiments/ciclo_experimental_1/data/data_crop/train/Robbery060_x264-b22ce98983_1_bright_crop.mp4,1
77,/content/drive/MyDrive/ucf_experiments/ciclo_experimental_1/data/data_blur/train/Abuse038_x264-7a36aee0a2_0_bright_blur.mp4,/content/drive/MyDrive/ucf_experiments/ciclo_experimental_1/data/data_crop/train/Abuse038_x264-7a36aee0a2_0_bright_crop.mp4,0
78,/content/drive/MyDrive/ucf_experiments/ciclo_experimental_1/data/data_blur/train/Robbery054_x264-e5f2e06e65_0_bright_blur.mp4,/content/drive/MyDrive/ucf_experiments/ciclo_experimental_1/data/data_crop/train/Robbery054_x264-e5f2e06e65_0_bright_crop.mp4,0
79,/content/drive/MyDrive/ucf_experiments/ciclo_experimental_1/data/data_blur/train/Arrest023_x264-0a9da90d7c_1_bright_blur.mp4,/content/drive/MyDrive/ucf_experiments/ciclo_experimental_1/data/data_crop/train/Arrest023_x264-0a9da90d7c_1_bright_crop.mp4,1
80,/content/drive/MyDrive/ucf_experiments/ciclo_experimental_1/data/data_blur/train/Abuse009_x264-8679cefe6e_0_bright_blur.mp4,/content/drive/MyDrive/ucf_experiments/ciclo_experimental_1/data/data_crop/train/Abuse009_x264-8679cefe6e_0_bright_crop.mp4,0
81,/content/drive/MyDrive/ucf_experiments/ciclo_experimental_1/data/data_blur/train/Assault008_x264-ea267e7511_1_bright_blur.mp4,/content/drive/MyDrive/ucf_experiments/ciclo_experimental_1/data/data_crop/train/Assault008_x264-ea267e7511_1_bright_crop.mp4,1
82,/content/drive/MyDrive/ucf_experiments/ciclo_experimental_1/data/data_blur/train/Robbery053_x264-a1d1bbf7f8_0_bright_blur.mp4,/content/drive/MyDrive/ucf_experiments/ciclo_experimental_1/data/data_crop/train/Robbery053_x264-a1d1bbf7f8_0_bright_crop.mp4,0
83,/content/drive/MyDrive/ucf_experiments/ciclo_experimental_1/data/data_blur/train/Abuse017_x264-fc917fa3e3_0_bright_blur.mp4,/content/drive/MyDrive/ucf_experiments/ciclo_experimental_1/data/data_crop/train/Abuse017_x264-fc917fa3e3_0_bright_crop.mp4,0
84,/content/drive/MyDrive/ucf_experiments/ciclo_experimental_1/data/data_blur/train/Abuse007_x264-bf05502eb7_0_bright_blur.mp4,/content/drive/MyDrive/ucf_experiments/ciclo_experimental_1/data/data_crop/train/Abuse007_x264-bf05502eb7_0_bright_crop.mp4,0
85,/content/drive/MyDrive/ucf_experiments/ciclo_experimental_1/data/data_blur/train/Robbery053_x264-0b7fde75cb_0_bright_blur.mp4,/content/drive/MyDrive/ucf_experiments/ciclo_experimental_1/data/data_crop/train/Robbery053_x264-0b7fde75cb_0_bright_crop.mp4,0
86,/content/drive/MyDrive/ucf_experiments/ciclo_experimental_1/data/data_blur/train/Assault001_x264-139335d0a2_1_bright_blur.mp4,/content/drive/MyDrive/ucf_experiments/ciclo_experimental_1/data/data_crop/train/Assault001_x264-139335d0a2_1_bright_crop.mp4,1
87,/content/drive/MyDrive/ucf_experiments/ciclo_experimental_1/data/data_blur/train/Robbery060_x264-fb78516ab2_1_bright_blur.mp4,/content/drive/MyDrive/ucf_experiments/ciclo_experimental_1/data/data_crop/train/Robbery060_x264-fb78516ab2_1_bright_crop.mp4,1
88,/content/drive/MyDrive/ucf_experiments/ciclo_experimental_1/data/data_blur/train/Fighting040_x264-c267145093_0_bright_blur.mp4,/content/drive/MyDrive/ucf_experiments/ciclo_experimental_1/data/data_crop/train/Fighting040_x264-c267145093_0_bright_crop.mp4,0
89,/content/drive/MyDrive/ucf_experiments/ciclo_experimental_1/data/data_blur/train/Robbery093_x264-c8300e9bae_0_bright_blur.mp4,/content/drive/MyDrive/ucf_experiments/ciclo_experimental_1/data/data_crop/train/Robbery093_x264-c8300e9bae_0_bright_crop.mp4,0
90,/content/drive/MyDrive/ucf_experiments/ciclo_experimental_1/data/data_blur/train/Robbery024_x264-c8370ae817_1_bright_blur.mp4,/content/drive/MyDrive/ucf_experiments/ciclo_experimental_1/data/data_crop/train/Robbery024_x264-c8370ae817_1_bright_crop.mp4,1
91,/content/drive/MyDrive/ucf_experiments/ciclo_experimental_1/data/data_blur/train/Abuse029_x264-300adc91ed_0_bright_blur.mp4,/content/drive/MyDrive/ucf_experiments/ciclo_experimental_1/data/data_crop/train/Abuse029_x264-300adc91ed_0_bright_crop.mp4,0
92,/content/drive/MyDrive/ucf_experiments/ciclo_experimental_1/data/data_blur/train/Fighting040_x264-63ceacbc70_1_bright_blur.mp4,/content/drive/MyDrive/ucf_experiments/ciclo_experimental_1/data/data_crop/train/Fighting040_x264-63ceacbc70_1_bright_crop.mp4,1
93,/content/drive/MyDrive/ucf_experiments/ciclo_experimental_1/data/data_blur/train/Fighting035_x264-74907f7e78_1_bright_blur.mp4,/content/drive/MyDrive/ucf_experiments/ciclo_experimental_1/data/data_crop/train/Fighting035_x264-74907f7e78_1_bright_crop.mp4,1
94,/content/drive/MyDrive/ucf_experiments/ciclo_experimental_1/data/data_blur/train/Robbery002_x264-87e53ddfb0_0_bright_blur.mp4,/content/drive/MyDrive/ucf_experiments/ciclo_experimental_1/data/data_crop/train/Robbery002_x264-87e53ddfb0_0_bright_crop.mp4,0
95,/content/drive/MyDrive/ucf_experiments/ciclo_experimental_1/data/data_blur/train/Robbery031_x264-cd6b73d6a8_0_bright_blur.mp4,/content/drive/MyDrive/ucf_experiments/ciclo_experimental_1/data/data_crop/train/Robbery031_x264-cd6b73d6a8_0_bright_crop.mp4,0
96,/content/drive/MyDrive/ucf_experiments/ciclo_experimental_1/data/data_blur/train/Robbery086_x264-bd4c8dfad2_1_bright_blur.mp4,/content/drive/MyDrive/ucf_experiments/ciclo_experimental_1/data/data_crop/train/Robbery086_x264-bd4c8dfad2_1_bright_crop.mp4,1
97,/content/drive/MyDrive/ucf_experiments/ciclo_experimental_1/data/data_blur/train/Assault028_x264-0f2f00d431_0_bright_blur.mp4,/content/drive/MyDrive/ucf_experiments/ciclo_experimental_1/data/data_crop/train/Assault028_x264-0f2f00d431_0_bright_crop.mp4,0
98,/content/drive/MyDrive/ucf_experiments/ciclo_experimental_1/data/data_blur/train/Abuse048_x264-abcbf790d7_1_bright_blur.mp4,/content/drive/MyDrive/ucf_experiments/ciclo_experimental_1/data/data_crop/train/Abuse048_x264-abcbf790d7_1_bright_crop.mp4,1
99,/content/drive/MyDrive/ucf_experiments/ciclo_experimental_1/data/data_blur/train/Arrest031_x264-ccd4d48791_0_bright_blur.mp4,/content/drive/MyDrive/ucf_experiments/ciclo_experimental_1/data/data_crop/train/Arrest031_x264-ccd4d48791_0_bright_crop.mp4,0
100,/content/drive/MyDrive/ucf_experiments/ciclo_experimental_1/data/data_blur/train/Abuse005_x264-a06830d6ba_0_bright_blur.mp4,/content/drive/MyDrive/ucf_experiments/ciclo_experimental_1/data/data_crop/train/Abuse005_x264-a06830d6ba_0_bright_crop.mp4,0
101,/content/drive/MyDrive/ucf_experiments/ciclo_experimental_1/data/data_blur/train/Assault050_x264-0731292553_1_bright_blur.mp4,/content/drive/MyDrive/ucf_experiments/ciclo_experimental_1/data/data_crop/train/Assault050_x264-0731292553_1_bright_crop.mp4,1
102,/content/drive/MyDrive/ucf_experiments/ciclo_experimental_1/data/data_blur/train/Robbery032_x264-0229005582_0_bright_blur.mp4,/content/drive/MyDrive/ucf_experiments/ciclo_experimental_1/data/data_crop/train/Robbery032_x264-0229005582_0_bright_crop.mp4,0
103,/content/drive/MyDrive/ucf_experiments/ciclo_experimental_1/data/data_blur/train/Robbery060_x264-5797944d73_1_bright_blur.mp4,/content/drive/MyDrive/ucf_experiments/ciclo_experimental_1/data/data_crop/train/Robbery060_x264-5797944d73_1_bright_crop.mp4,1
104,/content/drive/MyDrive/ucf_experiments/ciclo_experimental_1/data/data_blur/train/Robbery062_x264-b37b598196_1_bright_blur.mp4,/content/drive/MyDrive/ucf_experiments/ciclo_experimental_1/data/data_crop/train/Robbery062_x264-b37b598196_1_bright_crop.mp4,1
105,/content/drive/MyDrive/ucf_experiments/ciclo_experimental_1/data/data_blur/train/Abuse043_x264-8ac67df5e0_1_bright_blur.mp4,/content/drive/MyDrive/ucf_experiments/ciclo_experimental_1/data/data_crop/train/Abuse043_x264-8ac67df5e0_1_bright_crop.mp4,1
106,/content/drive/MyDrive/ucf_experiments/ciclo_experimental_1/data/data_blur/train/Robbery041_x264-3d06c76fc3_0_bright_blur.mp4,/content/drive/MyDrive/ucf_experiments/ciclo_experimental_1/data/data_crop/train/Robbery041_x264-3d06c76fc3_0_bright_crop.mp4,0
107,/content/drive/MyDrive/ucf_experiments/ciclo_experimental_1/data/data_blur/train/Robbery020_x264-d38f202870_0_bright_blur.mp4,/content/drive/MyDrive/ucf_experiments/ciclo_experimental_1/data/data_crop/train/Robbery020_x264-d38f202870_0_bright_crop.mp4,0
108,/content/drive/MyDrive/ucf_experiments/ciclo_experimental_1/data/data_blur/train/Fighting010_x264-98b1d3b333_0_bright_blur.mp4,/content/drive/MyDrive/ucf_experiments/ciclo_experimental_1/data/data_crop/train/Fighting010_x264-98b1d3b333_0_bright_crop.mp4,0
109,/content/drive/MyDrive/ucf_experiments/ciclo_experimental_1/data/data_blur/train/Robbery045_x264-bfc86d1743_0_bright_blur.mp4,/content/drive/MyDrive/ucf_experiments/ciclo_experimental_1/data/data_crop/train/Robbery045_x264-bfc86d1743_0_bright_crop.mp4,0
110,/content/drive/MyDrive/ucf_experiments/ciclo_experimental_1/data/data_blur/train/Robbery070_x264-d302d068e4_1_bright_blur.mp4,/content/drive/MyDrive/ucf_experiments/ciclo_experimental_1/data/data_crop/train/Robbery070_x264-d302d068e4_1_bright_crop.mp4,1
111,/content/drive/MyDrive/ucf_experiments/ciclo_experimental_1/data/data_blur/train/Robbery016_x264-0a14d2fe3a_0_bright_blur.mp4,/content/drive/MyDrive/ucf_experiments/ciclo_experimental_1/data/data_crop/train/Robbery016_x264-0a14d2fe3a_0_bright_crop.mp4,0
112,/content/drive/MyDrive/ucf_experiments/ciclo_experimental_1/data/data_blur/train/Abuse031_x264-5c65f30966_1_bright_blur.mp4,/content/drive/MyDrive/ucf_experiments/ciclo_experimental_1/data/data_crop/train/Abuse031_x264-5c65f30966_1_bright_crop.mp4,1
113,/content/drive/MyDrive/ucf_experiments/ciclo_experimental_1/data/data_blur/train/Arrest042_x264-865b84c1c8_0_bright_blur.mp4,/content/drive/MyDrive/ucf_experiments/ciclo_experimental_1/data/data_crop/train/Arrest042_x264-865b84c1c8_0_bright_crop.mp4,0
114,/content/drive/MyDrive/ucf_experiments/ciclo_experimental_1/data/data_blur/train/Robbery025_x264-cd58238823_1_bright_blur.mp4,/content/drive/MyDrive/ucf_experiments/ciclo_experimental_1/data/data_crop/train/Robbery025_x264-cd58238823_1_bright_crop.mp4,1
115,/content/drive/MyDrive/ucf_experiments/ciclo_experimental_1/data/data_blur/train/Abuse048_x264-dbe01e8219_0_bright_blur.mp4,/content/drive/MyDrive/ucf_experiments/ciclo_experimental_1/data/data_crop/train/Abuse048_x264-dbe01e8219_0_bright_crop.mp4,0
116,/content/drive/MyDrive/ucf_experiments/ciclo_experimental_1/data/data_blur/train/Assault044_x264-c4dd9a25f9_1_bright_blur.mp4,/content/drive/MyDrive/ucf_experiments/ciclo_experimental_1/data/data_crop/train/Assault044_x264-c4dd9a25f9_1_bright_crop.mp4,1
117,/content/drive/MyDrive/ucf_experiments/ciclo_experimental_1/data/data_blur/train/Robbery100_x264-952bd3ecf4_1_bright_blur.mp4,/content/drive/MyDrive/ucf_experiments/ciclo_experimental_1/data/data_crop/train/Robbery100_x264-952bd3ecf4_1_bright_crop.mp4,1
118,/content/drive/MyDrive/ucf_experiments/ciclo_experimental_1/data/data_blur/train/Robbery016_x264-14a4e6eaf5_1_bright_blur.mp4,/content/drive/MyDrive/ucf_experiments/ciclo_experimental_1/data/data_crop/train/Robbery016_x264-14a4e6eaf5_1_bright_crop.mp4,1
119,/content/drive/MyDrive/ucf_experiments/ciclo_experimental_1/data/data_blur/train/Fighting039_x264-4393119cad_1_bright_blur.mp4,/content/drive/MyDrive/ucf_experiments/ciclo_experimental_1/data/data_crop/train/Fighting039_x264-4393119cad_1_bright_crop.mp4,1
120,/content/drive/MyDrive/ucf_experiments/ciclo_experimental_1/data/data_blur/train/Fighting004_x264-3c2762b11a_1_bright_blur.mp4,/content/drive/MyDrive/ucf_experiments/ciclo_experimental_1/data/data_crop/train/Fighting004_x264-3c2762b11a_1_bright_crop.mp4,1
121,/content/drive/MyDrive/ucf_experiments/ciclo_experimental_1/data/data_blur/train/Robbery025_x264-30f3871750_0_bright_blur.mp4,/content/drive/MyDrive/ucf_experiments/ciclo_experimental_1/data/data_crop/train/Robbery025_x264-30f3871750_0_bright_crop.mp4,0
122,/content/drive/MyDrive/ucf_experiments/ciclo_experimental_1/data/data_blur/train/Abuse019_x264-85bd1a598e_0_bright_blur.mp4,/content/drive/MyDrive/ucf_experiments/ciclo_experimental_1/data/data_crop/train/Abuse019_x264-85bd1a598e_0_bright_crop.mp4,0
123,/content/drive/MyDrive/ucf_experiments/ciclo_experimental_1/data/data_blur/train/Abuse041_x264-c260d443de_0_bright_blur.mp4,/content/drive/MyDrive/ucf_experiments/ciclo_experimental_1/data/data_crop/train/Abuse041_x264-c260d443de_0_bright_crop.mp4,0
124,/content/drive/MyDrive/ucf_experiments/ciclo_experimental_1/data/data_blur/train/Fighting026_x264-a0124f1b08_1_bright_blur.mp4,/content/drive/MyDrive/ucf_experiments/ciclo_experimental_1/data/data_crop/train/Fighting026_x264-a0124f1b08_1_bright_crop.mp4,1
125,/content/drive/MyDrive/ucf_experiments/ciclo_experimental_1/data/data_blur/train/Fighting006_x264-0f6831b6c0_1_bright_blur.mp4,/content/drive/MyDrive/ucf_experiments/ciclo_experimental_1/data/data_crop/train/Fighting006_x264-0f6831b6c0_1_bright_crop.mp4,1
126,/content/drive/MyDrive/ucf_experiments/ciclo_experimental_1/data/data_blur/train/Arrest009_x264-acc71bf232_0_bright_blur.mp4,/content/drive/MyDrive/ucf_experiments/ciclo_experimental_1/data/data_crop/train/Arrest009_x264-acc71bf232_0_bright_crop.mp4,0
127,/content/drive/MyDrive/ucf_experiments/ciclo_experimental_1/data/data_blur/train/Assault001_x264-f9058c4cec_1_bright_blur.mp4,/content/drive/MyDrive/ucf_experiments/ciclo_experimental_1/data/data_crop/train/Assault001_x264-f9058c4cec_1_bright_crop.mp4,1
128,/content/drive/MyDrive/ucf_experiments/ciclo_experimental_1/data/data_blur/train/Fighting040_x264-314e001413_0_bright_blur.mp4,/content/drive/MyDrive/ucf_experiments/ciclo_experimental_1/data/data_crop/train/Fighting040_x264-314e001413_0_bright_crop.mp4,0
129,/content/drive/MyDrive/ucf_experiments/ciclo_experimental_1/data/data_blur/train/Fighting051_x264-18e3e2adab_1_bright_blur.mp4,/content/drive/MyDrive/ucf_experiments/ciclo_experimental_1/data/data_crop/train/Fighting051_x264-18e3e2adab_1_bright_crop.mp4,1
130,/content/drive/MyDrive/ucf_experiments/ciclo_experimental_1/data/data_blur/train/Assault032_x264-8498ea099c_1_bright_blur.mp4,/content/drive/MyDrive/ucf_experiments/ciclo_experimental_1/data/data_crop/train/Assault032_x264-8498ea099c_1_bright_crop.mp4,1
131,/content/drive/MyDrive/ucf_experiments/ciclo_experimental_1/data/data_blur/train/Arrest042_x264-399047f76c_0_bright_blur.mp4,/content/drive/MyDrive/ucf_experiments/ciclo_experimental_1/data/data_crop/train/Arrest042_x264-399047f76c_0_bright_crop.mp4,0
132,/content/drive/MyDrive/ucf_experiments/ciclo_experimental_1/data/data_blur/train/Fighting004_x264-272f90320b_0_bright_blur.mp4,/content/drive/MyDrive/ucf_experiments/ciclo_experimental_1/data/data_crop/train/Fighting004_x264-272f90320b_0_bright_crop.mp4,0
133,/content/drive/MyDrive/ucf_experiments/ciclo_experimental_1/data/data_blur/train/Abuse035_x264-af48af57ab_1_bright_blur.mp4,/content/drive/MyDrive/ucf_experiments/ciclo_experimental_1/data/data_crop/train/Abuse035_x264-af48af57ab_1_bright_crop.mp4,1
134,/content/drive/MyDrive/ucf_experiments/ciclo_experimental_1/data/data_blur/train/Fighting007_x264-e9c7903576_1_bright_blur.mp4,/content/drive/MyDrive/ucf_experiments/ciclo_experimental_1/data/data_crop/train/Fighting007_x264-e9c7903576_1_bright_crop.mp4,1
135,/content/drive/MyDrive/ucf_experiments/ciclo_experimental_1/data/data_blur/train/Robbery072_x264-1043e60a4f_0_bright_blur.mp4,/content/drive/MyDrive/ucf_experiments/ciclo_experimental_1/data/data_crop/train/Robbery072_x264-1043e60a4f_0_bright_crop.mp4,0
136,/content/drive/MyDrive/ucf_experiments/ciclo_experimental_1/data/data_blur/train/Arrest042_x264-ebe7fd0295_0_bright_blur.mp4,/content/drive/MyDrive/ucf_experiments/ciclo_experimental_1/data/data_crop/train/Arrest042_x264-ebe7fd0295_0_bright_crop.mp4,0
137,/content/drive/MyDrive/ucf_experiments/ciclo_experimental_1/data/data_blur/train/Abuse039_x264-2b142ff111_0_bright_blur.mp4,/content/drive/MyDrive/ucf_experiments/ciclo_experimental_1/data/data_crop/train/Abuse039_x264-2b142ff111_0_bright_crop.mp4,0
138,/content/drive/MyDrive/ucf_experiments/ciclo_experimental_1/data/data_blur/train/Arrest011_x264-26da1f0b38_0_bright_blur.mp4,/content/drive/MyDrive/ucf_experiments/ciclo_experimental_1/data/data_crop/train/Arrest011_x264-26da1f0b38_0_bright_crop.mp4,0
139,/content/drive/MyDrive/ucf_experiments/ciclo_experimental_1/data/data_blur/train/Robbery032_x264-42918eb721_0_bright_blur.mp4,/content/drive/MyDrive/ucf_experiments/ciclo_experimental_1/data/data_crop/train/Robbery032_x264-42918eb721_0_bright_crop.mp4,0
140,/content/drive/MyDrive/ucf_experiments/ciclo_experimental_1/data/data_blur/train/Robbery105_x264-cca21475e3_1_bright_blur.mp4,/content/drive/MyDrive/ucf_experiments/ciclo_experimental_1/data/data_crop/train/Robbery105_x264-cca21475e3_1_bright_crop.mp4,1
141,/content/drive/MyDrive/ucf_experiments/ciclo_experimental_1/data/data_blur/train/Fighting049_x264-5c82a5462c_1_bright_blur.mp4,/content/drive/MyDrive/ucf_experiments/ciclo_experimental_1/data/data_crop/train/Fighting049_x264-5c82a5462c_1_bright_crop.mp4,1
142,/content/drive/MyDrive/ucf_experiments/ciclo_experimental_1/data/data_blur/train/Assault050_x264-23dcaa45de_1_bright_blur.mp4,/content/drive/MyDrive/ucf_experiments/ciclo_experimental_1/data/data_crop/train/Assault050_x264-23dcaa45de_1_bright_crop.mp4,1
143,/content/drive/MyDrive/ucf_experiments/ciclo_experimental_1/data/data_blur/train/Arrest014_x264-556cc84a38_0_bright_blur.mp4,/content/drive/MyDrive/ucf_experiments/ciclo_experimental_1/data/data_crop/train/Arrest014_x264-556cc84a38_0_bright_crop.mp4,0
144,/content/drive/MyDrive/ucf_experiments/ciclo_experimental_1/data/data_blur/train/Assault029_x264-c022d311cc_1_bright_blur.mp4,/content/drive/MyDrive/ucf_experiments/ciclo_experimental_1/data/data_crop/train/Assault029_x264-c022d311cc_1_bright_crop.mp4,1
145,/content/drive/MyDrive/ucf_experiments/ciclo_experimental_1/data/data_blur/train/Fighting025_x264-294f9ee446_0_bright_blur.mp4,/content/drive/MyDrive/ucf_experiments/ciclo_experimental_1/data/data_crop/train/Fighting025_x264-294f9ee446_0_bright_crop.mp4,0
146,/content/drive/MyDrive/ucf_experiments/ciclo_experimental_1/data/data_blur/train/Robbery034_x264-4931d5a71d_0_bright_blur.mp4,/content/drive/MyDrive/ucf_experiments/ciclo_experimental_1/data/data_crop/train/Robbery034_x264-4931d5a71d_0_bright_crop.mp4,0
147,/content/drive/MyDrive/ucf_experiments/ciclo_experimental_1/data/data_blur/train/Robbery034_x264-9345642e7f_0_bright_blur.mp4,/content/drive/MyDrive/ucf_experiments/ciclo_experimental_1/data/data_crop/train/Robbery034_x264-9345642e7f_0_bright_crop.mp4,0
148,/content/drive/MyDrive/ucf_experiments/ciclo_experimental_1/data/data_blur/train/Assault042_x264-31c95cb21b_1_bright_blur.mp4,/content/drive/MyDrive/ucf_experiments/ciclo_experimental_1/data/data_crop/train/Assault042_x264-31c95cb21b_1_bright_crop.mp4,1
149,/content/drive/MyDrive/ucf_experiments/ciclo_experimental_1/data/data_blur/train/Fighting036_x264-dcfc7547e1_1_bright_blur.mp4,/content/drive/MyDrive/ucf_experiments/ciclo_experimental_1/data/data_crop/train/Fighting036_x264-dcfc7547e1_1_bright_crop.mp4,1
150,/content/drive/MyDrive/ucf_experiments/ciclo_experimental_1/data/data_blur/train/Robbery060_x264-11547159bc_0_bright_blur.mp4,/content/drive/MyDrive/ucf_experiments/ciclo_experimental_1/data/data_crop/train/Robbery060_x264-11547159bc_0_bright_crop.mp4,0
151,/content/drive/MyDrive/ucf_experiments/ciclo_experimental_1/data/data_blur/train/Fighting020_x264-6577c8ad46_1_bright_blur.mp4,/content/drive/MyDrive/ucf_experiments/ciclo_experimental_1/data/data_crop/train/Fighting020_x264-6577c8ad46_1_bright_crop.mp4,1
152,/content/drive/MyDrive/ucf_experiments/ciclo_experimental_1/data/data_blur/train/Robbery072_x264-90d40f3c66_0_bright_blur.mp4,/content/drive/MyDrive/ucf_experiments/ciclo_experimental_1/data/data_crop/train/Robbery072_x264-90d40f3c66_0_bright_crop.mp4,0
153,/content/drive/MyDrive/ucf_experiments/ciclo_experimental_1/data/data_blur/train/Abuse023_x264-4486658c39_1_bright_blur.mp4,/content/drive/MyDrive/ucf_experiments/ciclo_experimental_1/data/data_crop/train/Abuse023_x264-4486658c39_1_bright_crop.mp4,1
154,/content/drive/MyDrive/ucf_experiments/ciclo_experimental_1/data/data_blur/train/Fighting024_x264-3ecdba6ea3_1_bright_blur.mp4,/content/drive/MyDrive/ucf_experiments/ciclo_experimental_1/data/data_crop/train/Fighting024_x264-3ecdba6ea3_1_bright_crop.mp4,1
155,/content/drive/MyDrive/ucf_experiments/ciclo_experimental_1/data/data_blur/train/Assault007_x264-27ee266c5e_0_bright_blur.mp4,/content/drive/MyDrive/ucf_experiments/ciclo_experimental_1/data/data_crop/train/Assault007_x264-27ee266c5e_0_bright_crop.mp4,0
156,/content/drive/MyDrive/ucf_experiments/ciclo_experimental_1/data/data_blur/train/Robbery033_x264-5004181c18_1_bright_blur.mp4,/content/drive/MyDrive/ucf_experiments/ciclo_experimental_1/data/data_crop/train/Robbery033_x264-5004181c18_1_bright_crop.mp4,1
157,/content/drive/MyDrive/ucf_experiments/ciclo_experimental_1/data/data_blur/train/Assault014_x264-3469c311db_0_bright_blur.mp4,/content/drive/MyDrive/ucf_experiments/ciclo_experimental_1/data/data_crop/train/Assault014_x264-3469c311db_0_bright_crop.mp4,0
158,/content/drive/MyDrive/ucf_experiments/ciclo_experimental_1/data/data_blur/train/Abuse003_x264-952ab80388_0_bright_blur.mp4,/content/drive/MyDrive/ucf_experiments/ciclo_experimental_1/data/data_crop/train/Abuse003_x264-952ab80388_0_bright_crop.mp4,0
159,/content/drive/MyDrive/ucf_experiments/ciclo_experimental_1/data/data_blur/train/Abuse012_x264-84068e64ea_1_bright_blur.mp4,/content/drive/MyDrive/ucf_experiments/ciclo_experimental_1/data/data_crop/train/Abuse012_x264-84068e64ea_1_bright_crop.mp4,1
160,/content/drive/MyDrive/ucf_experiments/ciclo_experimental_1/data/data_blur/train/Arrest051_x264-c4da045ce6_0_bright_blur.mp4,/content/drive/MyDrive/ucf_experiments/ciclo_experimental_1/data/data_crop/train/Arrest051_x264-c4da045ce6_0_bright_crop.mp4,0
161,/content/drive/MyDrive/ucf_experiments/ciclo_experimental_1/data/data_blur/train/Robbery100_x264-dd0342aef3_1_bright_blur.mp4,/content/drive/MyDrive/ucf_experiments/ciclo_experimental_1/data/data_crop/train/Robbery100_x264-dd0342aef3_1_bright_crop.mp4,1
162,/content/drive/MyDrive/ucf_experiments/ciclo_experimental_1/data/data_blur/train/Arrest041_x264-144db73f85_0_bright_blur.mp4,/content/drive/MyDrive/ucf_experiments/ciclo_experimental_1/data/data_crop/train/Arrest041_x264-144db73f85_0_bright_crop.mp4,0
163,/content/drive/MyDrive/ucf_experiments/ciclo_experimental_1/data/data_blur/train/Assault044_x264-5919a21fb9_0_bright_blur.mp4,/content/drive/MyDrive/ucf_experiments/ciclo_experimental_1/data/data_crop/train/Assault044_x264-5919a21fb9_0_bright_crop.mp4,0
164,/content/drive/MyDrive/ucf_experiments/ciclo_experimental_1/data/data_blur/train/Assault018_x264-cbfaa91403_1_bright_blur.mp4,/content/drive/MyDrive/ucf_experiments/ciclo_experimental_1/data/data_crop/train/Assault018_x264-cbfaa91403_1_bright_crop.mp4,1
165,/content/drive/MyDrive/ucf_experiments/ciclo_experimental_1/data/data_blur/train/Fighting030_x264-3efe7b9be1_1_bright_blur.mp4,/content/drive/MyDrive/ucf_experiments/ciclo_experimental_1/data/data_crop/train/Fighting030_x264-3efe7b9be1_1_bright_crop.mp4,1
166,/content/drive/MyDrive/ucf_experiments/ciclo_experimental_1/data/data_blur/train/Robbery105_x264-357e43280e_0_bright_blur.mp4,/content/drive/MyDrive/ucf_experiments/ciclo_experimental_1/data/data_crop/train/Robbery105_x264-357e43280e_0_bright_crop.mp4,0
167,/content/drive/MyDrive/ucf_experiments/ciclo_experimental_1/data/data_blur/train/Robbery072_x264-6bae8f62a4_1_bright_blur.mp4,/content/drive/MyDrive/ucf_experiments/ciclo_experimental_1/data/data_crop/train/Robbery072_x264-6bae8f62a4_1_bright_crop.mp4,1
168,/content/drive/MyDrive/ucf_experiments/ciclo_experimental_1/data/data_blur/train/Arrest046_x264-d43a4a43c2_1_bright_blur.mp4,/content/drive/MyDrive/ucf_experiments/ciclo_experimental_1/data/data_crop/train/Arrest046_x264-d43a4a43c2_1_bright_crop.mp4,1
169,/content/drive/MyDrive/ucf_experiments/ciclo_experimental_1/data/data_blur/train/Robbery012_x264-f51ee9b7ff_1_bright_blur.mp4,/content/drive/MyDrive/ucf_experiments/ciclo_experimental_1/data/data_crop/train/Robbery012_x264-f51ee9b7ff_1_bright_crop.mp4,1
170,/content/drive/MyDrive/ucf_experiments/ciclo_experimental_1/data/data_blur/train/Assault005_x264-b04fe4bc33_0_bright_blur.mp4,/content/drive/MyDrive/ucf_experiments/ciclo_experimental_1/data/data_crop/train/Assault005_x264-b04fe4bc33_0_bright_crop.mp4,0
171,/content/drive/MyDrive/ucf_experiments/ciclo_experimental_1/data/data_blur/train/Robbery002_x264-599d47815a_0_bright_blur.mp4,/content/drive/MyDrive/ucf_experiments/ciclo_experimental_1/data/data_crop/train/Robbery002_x264-599d47815a_0_bright_crop.mp4,0
172,/content/drive/MyDrive/ucf_experiments/ciclo_experimental_1/data/data_blur/train/Robbery008_x264-9ab21de1f5_1_bright_blur.mp4,/content/drive/MyDrive/ucf_experiments/ciclo_experimental_1/data/data_crop/train/Robbery008_x264-9ab21de1f5_1_bright_crop.mp4,1
173,/content/drive/MyDrive/ucf_experiments/ciclo_experimental_1/data/data_blur/train/Robbery075_x264-bc7c92a9b8_0_bright_blur.mp4,/content/drive/MyDrive/ucf_experiments/ciclo_experimental_1/data/data_crop/train/Robbery075_x264-bc7c92a9b8_0_bright_crop.mp4,0
174,/content/drive/MyDrive/ucf_experiments/ciclo_experimental_1/data/data_blur/train/Robbery062_x264-9d6c34b8d4_1_bright_blur.mp4,/content/drive/MyDrive/ucf_experiments/ciclo_experimental_1/data/data_crop/train/Robbery062_x264-9d6c34b8d4_1_bright_crop.mp4,1
175,/content/drive/MyDrive/ucf_experiments/ciclo_experimental_1/data/data_blur/train/Robbery014_x264-6d66acd964_0_bright_blur.mp4,/content/drive/MyDrive/ucf_experiments/ciclo_experimental_1/data/data_crop/train/Robbery014_x264-6d66acd964_0_bright_crop.mp4,0
176,/content/drive/MyDrive/ucf_experiments/ciclo_experimental_1/data/data_blur/train/Arrest042_x264-c1cd7ee285_0_bright_blur.mp4,/content/drive/MyDrive/ucf_experiments/ciclo_experimental_1/data/data_crop/train/Arrest042_x264-c1cd7ee285_0_bright_crop.mp4,0
177,/content/drive/MyDrive/ucf_experiments/ciclo_experimental_1/data/data_blur/train/Robbery038_x264-bb13d7e2d6_1_bright_blur.mp4,/content/drive/MyDrive/ucf_experiments/ciclo_experimental_1/data/data_crop/train/Robbery038_x264-bb13d7e2d6_1_bright_crop.mp4,1
178,/content/drive/MyDrive/ucf_experiments/ciclo_experimental_1/data/data_blur/train/Arrest046_x264-d5759b03fa_0_bright_blur.mp4,/content/drive/MyDrive/ucf_experiments/ciclo_experimental_1/data/data_crop/train/Arrest046_x264-d5759b03fa_0_bright_crop.mp4,0
179,/content/drive/MyDrive/ucf_experiments/ciclo_experimental_1/data/data_blur/train/Fighting009_x264-6348897876_0_bright_blur.mp4,/content/drive/MyDrive/ucf_experiments/ciclo_experimental_1/data/data_crop/train/Fighting009_x264-6348897876_0_bright_crop.mp4,0
180,/content/drive/MyDrive/ucf_experiments/ciclo_experimental_1/data/data_blur/train/Fighting036_x264-8ee37cc29b_1_bright_blur.mp4,/content/drive/MyDrive/ucf_experiments/ciclo_experimental_1/data/data_crop/train/Fighting036_x264-8ee37cc29b_1_bright_crop.mp4,1
181,/content/drive/MyDrive/ucf_experiments/ciclo_experimental_1/data/data_blur/train/Abuse046_x264-ecf6bb73e7_1_bright_blur.mp4,/content/drive/MyDrive/ucf_experiments/ciclo_experimental_1/data/data_crop/train/Abuse046_x264-ecf6bb73e7_1_bright_crop.mp4,1
182,/content/drive/MyDrive/ucf_experiments/ciclo_experimental_1/data/data_blur/train/Abuse047_x264-06b1d9352b_0_bright_blur.mp4,/content/drive/MyDrive/ucf_experiments/ciclo_experimental_1/data/data_crop/train/Abuse047_x264-06b1d9352b_0_bright_crop.mp4,0
183,/content/drive/MyDrive/ucf_experiments/ciclo_experimental_1/data/data_blur/train/Assault007_x264-107981c620_0_bright_blur.mp4,/content/drive/MyDrive/ucf_experiments/ciclo_experimental_1/data/data_crop/train/Assault007_x264-107981c620_0_bright_crop.mp4,0
184,/content/drive/MyDrive/ucf_experiments/ciclo_experimental_1/data/data_blur/train/Robbery041_x264-d031fc2c76_0_bright_blur.mp4,/content/drive/MyDrive/ucf_experiments/ciclo_experimental_1/data/data_crop/train/Robbery041_x264-d031fc2c76_0_bright_crop.mp4,0
185,/content/drive/MyDrive/ucf_experiments/ciclo_experimental_1/data/data_blur/train/Arrest033_x264-91f7926928_1_bright_blur.mp4,/content/drive/MyDrive/ucf_experiments/ciclo_experimental_1/data/data_crop/train/Arrest033_x264-91f7926928_1_bright_crop.mp4,1
186,/content/drive/MyDrive/ucf_experiments/ciclo_experimental_1/data/data_blur/train/Robbery058_x264-f30a19e69e_1_bright_blur.mp4,/content/drive/MyDrive/ucf_experiments/ciclo_experimental_1/data/data_crop/train/Robbery058_x264-f30a19e69e_1_bright_crop.mp4,1
187,/content/drive/MyDrive/ucf_experiments/ciclo_experimental_1/data/data_blur/train/Arrest032_x264-8d230251d4_0_bright_blur.mp4,/content/drive/MyDrive/ucf_experiments/ciclo_experimental_1/data/data_crop/train/Arrest032_x264-8d230251d4_0_bright_crop.mp4,0
188,/content/drive/MyDrive/ucf_experiments/ciclo_experimental_1/data/data_blur/train/Abuse032_x264-73dacdf056_1_bright_blur.mp4,/content/drive/MyDrive/ucf_experiments/ciclo_experimental_1/data/data_crop/train/Abuse032_x264-73dacdf056_1_bright_crop.mp4,1
189,/content/drive/MyDrive/ucf_experiments/ciclo_experimental_1/data/data_blur/train/Fighting032_x264-9e66ea0d5a_1_bright_blur.mp4,/content/drive/MyDrive/ucf_experiments/ciclo_experimental_1/data/data_crop/train/Fighting032_x264-9e66ea0d5a_1_bright_crop.mp4,1
190,/content/drive/MyDrive/ucf_experiments/ciclo_experimental_1/data/data_blur/train/Fighting050_x264-d8beaa958a_1_bright_blur.mp4,/content/drive/MyDrive/ucf_experiments/ciclo_experimental_1/data/data_crop/train/Fighting050_x264-d8beaa958a_1_bright_crop.mp4,1
191,/content/drive/MyDrive/ucf_experiments/ciclo_experimental_1/data/data_blur/train/Arrest043_x264-5b496ac64e_1_bright_blur.mp4,/content/drive/MyDrive/ucf_experiments/ciclo_experimental_1/data/data_crop/train/Arrest043_x264-5b496ac64e_1_bright_crop.mp4,1
192,/content/drive/MyDrive/ucf_experiments/ciclo_experimental_1/data/data_blur/train/Arrest043_x264-bd9b991826_1_bright_blur.mp4,/content/drive/MyDrive/ucf_experiments/ciclo_experimental_1/data/data_crop/train/Arrest043_x264-bd9b991826_1_bright_crop.mp4,1
193,/content/drive/MyDrive/ucf_experiments/ciclo_experimental_1/data/data_blur/train/Arrest028_x264-a975b428fb_1_bright_blur.mp4,/content/drive/MyDrive/ucf_experiments/ciclo_experimental_1/data/data_crop/train/Arrest028_x264-a975b428fb_1_bright_crop.mp4,1
194,/content/drive/MyDrive/ucf_experiments/ciclo_experimental_1/data/data_blur/train/Abuse025_x264-d55f4742c1_0_bright_blur.mp4,/content/drive/MyDrive/ucf_experiments/ciclo_experimental_1/data/data_crop/train/Abuse025_x264-d55f4742c1_0_bright_crop.mp4,0
195,/content/drive/MyDrive/ucf_experiments/ciclo_experimental_1/data/data_blur/train/Abuse004_x264-beecf78556_0_bright_blur.mp4,/content/drive/MyDrive/ucf_experiments/ciclo_experimental_1/data/data_crop/train/Abuse004_x264-beecf78556_0_bright_crop.mp4,0
196,/content/drive/MyDrive/ucf_experiments/ciclo_experimental_1/data/data_blur/train/Assault033_x264-9f67aff68b_1_bright_blur.mp4,/content/drive/MyDrive/ucf_experiments/ciclo_experimental_1/data/data_crop/train/Assault033_x264-9f67aff68b_1_bright_crop.mp4,1
197,/content/drive/MyDrive/ucf_experiments/ciclo_experimental_1/data/data_blur/train/Abuse023_x264-9e8a64561b_1_bright_blur.mp4,/content/drive/MyDrive/ucf_experiments/ciclo_experimental_1/data/data_crop/train/Abuse023_x264-9e8a64561b_1_bright_crop.mp4,1
198,/content/drive/MyDrive/ucf_experiments/ciclo_experimental_1/data/data_blur/train/Assault030_x264-620dccf32e_0_bright_blur.mp4,/content/drive/MyDrive/ucf_experiments/ciclo_experimental_1/data/data_crop/train/Assault030_x264-620dccf32e_0_bright_crop.mp4,0
199,/content/drive/MyDrive/ucf_experiments/ciclo_experimental_1/data/data_blur/train/Assault003_x264-3cd6c26e95_0_bright_blur.mp4,/content/drive/MyDrive/ucf_experiments/ciclo_experimental_1/data/data_crop/train/Assault003_x264-3cd6c26e95_0_bright_crop.mp4,0
200,/content/drive/MyDrive/ucf_experiments/ciclo_experimental_1/data/data_blur/train/Assault001_x264-d02cbc7d3e_0_bright_blur.mp4,/content/drive/MyDrive/ucf_experiments/ciclo_experimental_1/data/data_crop/train/Assault001_x264-d02cbc7d3e_0_bright_crop.mp4,0
201,/content/drive/MyDrive/ucf_experiments/ciclo_experimental_1/data/data_blur/train/Abuse022_x264-f558659033_1_bright_blur.mp4,/content/drive/MyDrive/ucf_experiments/ciclo_experimental_1/data/data_crop/train/Abuse022_x264-f558659033_1_bright_crop.mp4,1
202,/content/drive/MyDrive/ucf_experiments/ciclo_experimental_1/data/data_blur/train/Fighting027_x264-f1d4cbc702_0_bright_blur.mp4,/content/drive/MyDrive/ucf_experiments/ciclo_experimental_1/data/data_crop/train/Fighting027_x264-f1d4cbc702_0_bright_crop.mp4,0
203,/content/drive/MyDrive/ucf_experiments/ciclo_experimental_1/data/data_blur/train/Robbery023_x264-19b8d8d50d_1_bright_blur.mp4,/content/drive/MyDrive/ucf_experiments/ciclo_experimental_1/data/data_crop/train/Robbery023_x264-19b8d8d50d_1_bright_crop.mp4,1
204,/content/drive/MyDrive/ucf_experiments/ciclo_experimental_1/data/data_blur/train/Fighting007_x264-1261808100_1_bright_blur.mp4,/content/drive/MyDrive/ucf_experiments/ciclo_experimental_1/data/data_crop/train/Fighting007_x264-1261808100_1_bright_crop.mp4,1
205,/content/drive/MyDrive/ucf_experiments/ciclo_experimental_1/data/data_blur/train/Fighting028_x264-b721d52d51_0_bright_blur.mp4,/content/drive/MyDrive/ucf_experiments/ciclo_experimental_1/data/data_crop/train/Fighting028_x264-b721d52d51_0_bright_crop.mp4,0
206,/content/drive/MyDrive/ucf_experiments/ciclo_experimental_1/data/data_blur/train/Abuse050_x264-a9160c2159_1_bright_blur.mp4,/content/drive/MyDrive/ucf_experiments/ciclo_experimental_1/data/data_crop/train/Abuse050_x264-a9160c2159_1_bright_crop.mp4,1
207,/content/drive/MyDrive/ucf_experiments/ciclo_experimental_1/data/data_blur/train/Arrest025_x264-08b8c7ff36_1_bright_blur.mp4,/content/drive/MyDrive/ucf_experiments/ciclo_experimental_1/data/data_crop/train/Arrest025_x264-08b8c7ff36_1_bright_crop.mp4,1
208,/content/drive/MyDrive/ucf_experiments/ciclo_experimental_1/data/data_blur/train/Assault002_x264-0280690094_0_bright_blur.mp4,/content/drive/MyDrive/ucf_experiments/ciclo_experimental_1/data/data_crop/train/Assault002_x264-0280690094_0_bright_crop.mp4,0
209,/content/drive/MyDrive/ucf_experiments/ciclo_experimental_1/data/data_blur/train/Robbery053_x264-e57f503874_0_bright_blur.mp4,/content/drive/MyDrive/ucf_experiments/ciclo_experimental_1/data/data_crop/train/Robbery053_x264-e57f503874_0_bright_crop.mp4,0
210,/content/drive/MyDrive/ucf_experiments/ciclo_experimental_1/data/data_blur/train/Robbery072_x264-8fac59ab31_0_bright_blur.mp4,/content/drive/MyDrive/ucf_experiments/ciclo_experimental_1/data/data_crop/train/Robbery072_x264-8fac59ab31_0_bright_crop.mp4,0
211,/content/drive/MyDrive/ucf_experiments/ciclo_experimental_1/data/data_blur/train/Fighting028_x264-24cf7fa6c1_1_bright_blur.mp4,/content/drive/MyDrive/ucf_experiments/ciclo_experimental_1/data/data_crop/train/Fighting028_x264-24cf7fa6c1_1_bright_crop.mp4,1
