,path,label,new_path
15227,/content/drive/MyDrive/ucf_experiments/ciclo_experimental_1/data/data_crop/train/Robbery097_x264-1c7ba4eb59_0_flip_lr_crop.mp4,0,/content/drive/MyDrive/ucf_experiments/ciclo_experimental_1/data/data_crop/train_resized/Robbery097_x264-1c7ba4eb59_0_flip_lr_crop.mp4
15228,/content/drive/MyDrive/ucf_experiments/ciclo_experimental_1/data/data_crop/train/Arrest046_x264-26123feac6_0_flip_lr_crop.mp4,0,/content/drive/MyDrive/ucf_experiments/ciclo_experimental_1/data/data_crop/train_resized/Arrest046_x264-26123feac6_0_flip_lr_crop.mp4
15229,/content/drive/MyDrive/ucf_experiments/ciclo_experimental_1/data/data_crop/train/Assault040_x264-2f9a5a55c1_1_flip_lr_crop.mp4,1,/content/drive/MyDrive/ucf_experiments/ciclo_experimental_1/data/data_crop/train_resized/Assault040_x264-2f9a5a55c1_1_flip_lr_crop.mp4
15230,/content/drive/MyDrive/ucf_experiments/ciclo_experimental_1/data/data_crop/train/Assault014_x264-c968cdaa21_0_flip_lr_crop.mp4,0,/content/drive/MyDrive/ucf_experiments/ciclo_experimental_1/data/data_crop/train_resized/Assault014_x264-c968cdaa21_0_flip_lr_crop.mp4
15231,/content/drive/MyDrive/ucf_experiments/ciclo_experimental_1/data/data_crop/train/Robbery042_x264-493e470a19_0_flip_lr_crop.mp4,0,/content/drive/MyDrive/ucf_experiments/ciclo_experimental_1/data/data_crop/train_resized/Robbery042_x264-493e470a19_0_flip_lr_crop.mp4
15232,/content/drive/MyDrive/ucf_experiments/ciclo_experimental_1/data/data_crop/train/Assault014_x264-90d47987bb_0_flip_lr_crop.mp4,0,/content/drive/MyDrive/ucf_experiments/ciclo_experimental_1/data/data_crop/train_resized/Assault014_x264-90d47987bb_0_flip_lr_crop.mp4
15233,/content/drive/MyDrive/ucf_experiments/ciclo_experimental_1/data/data_crop/train/Robbery065_x264-d230fcf943_1_flip_lr_crop.mp4,1,/content/drive/MyDrive/ucf_experiments/ciclo_experimental_1/data/data_crop/train_resized/Robbery065_x264-d230fcf943_1_flip_lr_crop.mp4
15234,/content/drive/MyDrive/ucf_experiments/ciclo_experimental_1/data/data_crop/train/Assault049_x264-9de5e1f4d7_1_flip_lr_crop.mp4,1,/content/drive/MyDrive/ucf_experiments/ciclo_experimental_1/data/data_crop/train_resized/Assault049_x264-9de5e1f4d7_1_flip_lr_crop.mp4
15235,/content/drive/MyDrive/ucf_experiments/ciclo_experimental_1/data/data_crop/train/Fighting040_x264-52ba259773_1_flip_lr_crop.mp4,1,/content/drive/MyDrive/ucf_experiments/ciclo_experimental_1/data/data_crop/train_resized/Fighting040_x264-52ba259773_1_flip_lr_crop.mp4
15236,/content/drive/MyDrive/ucf_experiments/ciclo_experimental_1/data/data_crop/train/Robbery070_x264-f3f468919a_1_flip_lr_crop.mp4,1,/content/drive/MyDrive/ucf_experiments/ciclo_experimental_1/data/data_crop/train_resized/Robbery070_x264-f3f468919a_1_flip_lr_crop.mp4
15237,/content/drive/MyDrive/ucf_experiments/ciclo_experimental_1/data/data_crop/train/Fighting044_x264-a345c9a95c_1_flip_lr_crop.mp4,1,/content/drive/MyDrive/ucf_experiments/ciclo_experimental_1/data/data_crop/train_resized/Fighting044_x264-a345c9a95c_1_flip_lr_crop.mp4
15238,/content/drive/MyDrive/ucf_experiments/ciclo_experimental_1/data/data_crop/train/Abuse043_x264-73eca6be3e_0_flip_lr_crop.mp4,0,/content/drive/MyDrive/ucf_experiments/ciclo_experimental_1/data/data_crop/train_resized/Abuse043_x264-73eca6be3e_0_flip_lr_crop.mp4
15239,/content/drive/MyDrive/ucf_experiments/ciclo_experimental_1/data/data_crop/train/Arrest046_x264-2b499815da_0_flip_lr_crop.mp4,0,/content/drive/MyDrive/ucf_experiments/ciclo_experimental_1/data/data_crop/train_resized/Arrest046_x264-2b499815da_0_flip_lr_crop.mp4
15240,/content/drive/MyDrive/ucf_experiments/ciclo_experimental_1/data/data_crop/train/Robbery060_x264-74f12866bf_0_flip_lr_crop.mp4,0,/content/drive/MyDrive/ucf_experiments/ciclo_experimental_1/data/data_crop/train_resized/Robbery060_x264-74f12866bf_0_flip_lr_crop.mp4
15241,/content/drive/MyDrive/ucf_experiments/ciclo_experimental_1/data/data_crop/train/Assault044_x264-87c15ac69b_1_flip_lr_crop.mp4,1,/content/drive/MyDrive/ucf_experiments/ciclo_experimental_1/data/data_crop/train_resized/Assault044_x264-87c15ac69b_1_flip_lr_crop.mp4
15242,/content/drive/MyDrive/ucf_experiments/ciclo_experimental_1/data/data_crop/train/Robbery056_x264-b010c6d01c_1_flip_lr_crop.mp4,1,/content/drive/MyDrive/ucf_experiments/ciclo_experimental_1/data/data_crop/train_resized/Robbery056_x264-b010c6d01c_1_flip_lr_crop.mp4
15243,/content/drive/MyDrive/ucf_experiments/ciclo_experimental_1/data/data_crop/train/Assault049_x264-fabd45480f_1_flip_lr_crop.mp4,1,/content/drive/MyDrive/ucf_experiments/ciclo_experimental_1/data/data_crop/train_resized/Assault049_x264-fabd45480f_1_flip_lr_crop.mp4
15244,/content/drive/MyDrive/ucf_experiments/ciclo_experimental_1/data/data_crop/train/Fighting006_x264-dc74499ec3_1_flip_lr_crop.mp4,1,/content/drive/MyDrive/ucf_experiments/ciclo_experimental_1/data/data_crop/train_resized/Fighting006_x264-dc74499ec3_1_flip_lr_crop.mp4
15245,/content/drive/MyDrive/ucf_experiments/ciclo_experimental_1/data/data_crop/train/Assault050_x264-6cdffee32e_1_flip_lr_crop.mp4,1,/content/drive/MyDrive/ucf_experiments/ciclo_experimental_1/data/data_crop/train_resized/Assault050_x264-6cdffee32e_1_flip_lr_crop.mp4
15246,/content/drive/MyDrive/ucf_experiments/ciclo_experimental_1/data/data_crop/train/Robbery041_x264-477e7c1501_1_flip_lr_crop.mp4,1,/content/drive/MyDrive/ucf_experiments/ciclo_experimental_1/data/data_crop/train_resized/Robbery041_x264-477e7c1501_1_flip_lr_crop.mp4
15247,/content/drive/MyDrive/ucf_experiments/ciclo_experimental_1/data/data_crop/train/Robbery067_x264-74930d783c_0_flip_lr_crop.mp4,0,/content/drive/MyDrive/ucf_experiments/ciclo_experimental_1/data/data_crop/train_resized/Robbery067_x264-74930d783c_0_flip_lr_crop.mp4
15248,/content/drive/MyDrive/ucf_experiments/ciclo_experimental_1/data/data_crop/train/Robbery038_x264-6f1c645836_1_flip_lr_crop.mp4,1,/content/drive/MyDrive/ucf_experiments/ciclo_experimental_1/data/data_crop/train_resized/Robbery038_x264-6f1c645836_1_flip_lr_crop.mp4
15249,/content/drive/MyDrive/ucf_experiments/ciclo_experimental_1/data/data_crop/train/Fighting027_x264-00e5b5679f_1_flip_lr_crop.mp4,1,/content/drive/MyDrive/ucf_experiments/ciclo_experimental_1/data/data_crop/train_resized/Fighting027_x264-00e5b5679f_1_flip_lr_crop.mp4
15250,/content/drive/MyDrive/ucf_experiments/ciclo_experimental_1/data/data_crop/train/Abuse045_x264-497366a7d8_0_flip_lr_crop.mp4,0,/content/drive/MyDrive/ucf_experiments/ciclo_experimental_1/data/data_crop/train_resized/Abuse045_x264-497366a7d8_0_flip_lr_crop.mp4
15251,/content/drive/MyDrive/ucf_experiments/ciclo_experimental_1/data/data_crop/train/Fighting011_x264-3fdbdfcddc_1_flip_lr_crop.mp4,1,/content/drive/MyDrive/ucf_experiments/ciclo_experimental_1/data/data_crop/train_resized/Fighting011_x264-3fdbdfcddc_1_flip_lr_crop.mp4
15252,/content/drive/MyDrive/ucf_experiments/ciclo_experimental_1/data/data_crop/train/Robbery064_x264-341bb34c40_0_flip_lr_crop.mp4,0,/content/drive/MyDrive/ucf_experiments/ciclo_experimental_1/data/data_crop/train_resized/Robbery064_x264-341bb34c40_0_flip_lr_crop.mp4
15253,/content/drive/MyDrive/ucf_experiments/ciclo_experimental_1/data/data_crop/train/Arrest025_x264-54e5a62735_0_flip_lr_crop.mp4,0,/content/drive/MyDrive/ucf_experiments/ciclo_experimental_1/data/data_crop/train_resized/Arrest025_x264-54e5a62735_0_flip_lr_crop.mp4
15254,/content/drive/MyDrive/ucf_experiments/ciclo_experimental_1/data/data_crop/train/Robbery057_x264-124276df46_0_flip_lr_crop.mp4,0,/content/drive/MyDrive/ucf_experiments/ciclo_experimental_1/data/data_crop/train_resized/Robbery057_x264-124276df46_0_flip_lr_crop.mp4
15255,/content/drive/MyDrive/ucf_experiments/ciclo_experimental_1/data/data_crop/train/Assault022_x264-339960096b_0_flip_lr_crop.mp4,0,/content/drive/MyDrive/ucf_experiments/ciclo_experimental_1/data/data_crop/train_resized/Assault022_x264-339960096b_0_flip_lr_crop.mp4
15256,/content/drive/MyDrive/ucf_experiments/ciclo_experimental_1/data/data_crop/train/Fighting036_x264-0418ba7b42_1_flip_lr_crop.mp4,1,/content/drive/MyDrive/ucf_experiments/ciclo_experimental_1/data/data_crop/train_resized/Fighting036_x264-0418ba7b42_1_flip_lr_crop.mp4
15257,/content/drive/MyDrive/ucf_experiments/ciclo_experimental_1/data/data_crop/train/Robbery006_x264-01951b2b5a_1_flip_lr_crop.mp4,1,/content/drive/MyDrive/ucf_experiments/ciclo_experimental_1/data/data_crop/train_resized/Robbery006_x264-01951b2b5a_1_flip_lr_crop.mp4
15258,/content/drive/MyDrive/ucf_experiments/ciclo_experimental_1/data/data_crop/train/Fighting004_x264-dc251ff0ee_1_flip_lr_crop.mp4,1,/content/drive/MyDrive/ucf_experiments/ciclo_experimental_1/data/data_crop/train_resized/Fighting004_x264-dc251ff0ee_1_flip_lr_crop.mp4
15259,/content/drive/MyDrive/ucf_experiments/ciclo_experimental_1/data/data_crop/train/Arrest032_x264-b47b90cbad_0_flip_lr_crop.mp4,0,/content/drive/MyDrive/ucf_experiments/ciclo_experimental_1/data/data_crop/train_resized/Arrest032_x264-b47b90cbad_0_flip_lr_crop.mp4
15260,/content/drive/MyDrive/ucf_experiments/ciclo_experimental_1/data/data_crop/train/Robbery001_x264-e0122794a1_1_flip_lr_crop.mp4,1,/content/drive/MyDrive/ucf_experiments/ciclo_experimental_1/data/data_crop/train_resized/Robbery001_x264-e0122794a1_1_flip_lr_crop.mp4
15261,/content/drive/MyDrive/ucf_experiments/ciclo_experimental_1/data/data_crop/train/Assault008_x264-80461c940d_1_flip_lr_crop.mp4,1,/content/drive/MyDrive/ucf_experiments/ciclo_experimental_1/data/data_crop/train_resized/Assault008_x264-80461c940d_1_flip_lr_crop.mp4
15262,/content/drive/MyDrive/ucf_experiments/ciclo_experimental_1/data/data_crop/train/Robbery023_x264-a415a68f26_1_flip_lr_crop.mp4,1,/content/drive/MyDrive/ucf_experiments/ciclo_experimental_1/data/data_crop/train_resized/Robbery023_x264-a415a68f26_1_flip_lr_crop.mp4
15263,/content/drive/MyDrive/ucf_experiments/ciclo_experimental_1/data/data_crop/train/Assault047_x264-a59e3b2f3d_0_flip_lr_crop.mp4,0,/content/drive/MyDrive/ucf_experiments/ciclo_experimental_1/data/data_crop/train_resized/Assault047_x264-a59e3b2f3d_0_flip_lr_crop.mp4
15264,/content/drive/MyDrive/ucf_experiments/ciclo_experimental_1/data/data_crop/train/Fighting027_x264-14d583a88d_0_flip_lr_crop.mp4,0,/content/drive/MyDrive/ucf_experiments/ciclo_experimental_1/data/data_crop/train_resized/Fighting027_x264-14d583a88d_0_flip_lr_crop.mp4
15265,/content/drive/MyDrive/ucf_experiments/ciclo_experimental_1/data/data_crop/train/Abuse005_x264-970f3d26c6_1_flip_lr_crop.mp4,1,/content/drive/MyDrive/ucf_experiments/ciclo_experimental_1/data/data_crop/train_resized/Abuse005_x264-970f3d26c6_1_flip_lr_crop.mp4
15266,/content/drive/MyDrive/ucf_experiments/ciclo_experimental_1/data/data_crop/train/Robbery025_x264-1a09f5fef0_1_flip_lr_crop.mp4,1,/content/drive/MyDrive/ucf_experiments/ciclo_experimental_1/data/data_crop/train_resized/Robbery025_x264-1a09f5fef0_1_flip_lr_crop.mp4
15267,/content/drive/MyDrive/ucf_experiments/ciclo_experimental_1/data/data_crop/train/Robbery091_x264-3e12d6816c_0_flip_lr_crop.mp4,0,/content/drive/MyDrive/ucf_experiments/ciclo_experimental_1/data/data_crop/train_resized/Robbery091_x264-3e12d6816c_0_flip_lr_crop.mp4
15268,/content/drive/MyDrive/ucf_experiments/ciclo_experimental_1/data/data_crop/train/Robbery043_x264-3bfe29ae08_1_flip_lr_crop.mp4,1,/content/drive/MyDrive/ucf_experiments/ciclo_experimental_1/data/data_crop/train_resized/Robbery043_x264-3bfe29ae08_1_flip_lr_crop.mp4
15269,/content/drive/MyDrive/ucf_experiments/ciclo_experimental_1/data/data_crop/train/Abuse019_x264-180100f475_0_flip_lr_crop.mp4,0,/content/drive/MyDrive/ucf_experiments/ciclo_experimental_1/data/data_crop/train_resized/Abuse019_x264-180100f475_0_flip_lr_crop.mp4
15270,/content/drive/MyDrive/ucf_experiments/ciclo_experimental_1/data/data_crop/train/Fighting011_x264-7294ae14a1_0_flip_lr_crop.mp4,0,/content/drive/MyDrive/ucf_experiments/ciclo_experimental_1/data/data_crop/train_resized/Fighting011_x264-7294ae14a1_0_flip_lr_crop.mp4
15271,/content/drive/MyDrive/ucf_experiments/ciclo_experimental_1/data/data_crop/train/Arrest011_x264-64ed78c758_1_flip_lr_crop.mp4,1,/content/drive/MyDrive/ucf_experiments/ciclo_experimental_1/data/data_crop/train_resized/Arrest011_x264-64ed78c758_1_flip_lr_crop.mp4
15272,/content/drive/MyDrive/ucf_experiments/ciclo_experimental_1/data/data_crop/train/Robbery023_x264-31da4450e6_0_flip_lr_crop.mp4,0,/content/drive/MyDrive/ucf_experiments/ciclo_experimental_1/data/data_crop/train_resized/Robbery023_x264-31da4450e6_0_flip_lr_crop.mp4
15273,/content/drive/MyDrive/ucf_experiments/ciclo_experimental_1/data/data_crop/train/Fighting036_x264-250e4cbfa1_1_flip_lr_crop.mp4,1,/content/drive/MyDrive/ucf_experiments/ciclo_experimental_1/data/data_crop/train_resized/Fighting036_x264-250e4cbfa1_1_flip_lr_crop.mp4
15274,/content/drive/MyDrive/ucf_experiments/ciclo_experimental_1/data/data_crop/train/Robbery047_x264-ef10c0f36e_0_flip_lr_crop.mp4,0,/content/drive/MyDrive/ucf_experiments/ciclo_experimental_1/data/data_crop/train_resized/Robbery047_x264-ef10c0f36e_0_flip_lr_crop.mp4
15275,/content/drive/MyDrive/ucf_experiments/ciclo_experimental_1/data/data_crop/train/Assault014_x264-8ff4165220_0_flip_lr_crop.mp4,0,/content/drive/MyDrive/ucf_experiments/ciclo_experimental_1/data/data_crop/train_resized/Assault014_x264-8ff4165220_0_flip_lr_crop.mp4
15276,/content/drive/MyDrive/ucf_experiments/ciclo_experimental_1/data/data_crop/train/Abuse046_x264-88c31a7abd_1_flip_lr_crop.mp4,1,/content/drive/MyDrive/ucf_experiments/ciclo_experimental_1/data/data_crop/train_resized/Abuse046_x264-88c31a7abd_1_flip_lr_crop.mp4
15277,/content/drive/MyDrive/ucf_experiments/ciclo_experimental_1/data/data_crop/train/Robbery006_x264-98d2a150f0_1_flip_lr_crop.mp4,1,/content/drive/MyDrive/ucf_experiments/ciclo_experimental_1/data/data_crop/train_resized/Robbery006_x264-98d2a150f0_1_flip_lr_crop.mp4
15278,/content/drive/MyDrive/ucf_experiments/ciclo_experimental_1/data/data_crop/train/Arrest003_x264-ccf560ef61_0_flip_lr_crop.mp4,0,/content/drive/MyDrive/ucf_experiments/ciclo_experimental_1/data/data_crop/train_resized/Arrest003_x264-ccf560ef61_0_flip_lr_crop.mp4
15279,/content/drive/MyDrive/ucf_experiments/ciclo_experimental_1/data/data_crop/train/Robbery015_x264-3b24d2c630_0_flip_lr_crop.mp4,0,/content/drive/MyDrive/ucf_experiments/ciclo_experimental_1/data/data_crop/train_resized/Robbery015_x264-3b24d2c630_0_flip_lr_crop.mp4
15280,/content/drive/MyDrive/ucf_experiments/ciclo_experimental_1/data/data_crop/train/Abuse005_x264-3cba67aeab_0_flip_lr_crop.mp4,0,/content/drive/MyDrive/ucf_experiments/ciclo_experimental_1/data/data_crop/train_resized/Abuse005_x264-3cba67aeab_0_flip_lr_crop.mp4
15281,/content/drive/MyDrive/ucf_experiments/ciclo_experimental_1/data/data_crop/train/Abuse031_x264-49320e48eb_1_flip_lr_crop.mp4,1,/content/drive/MyDrive/ucf_experiments/ciclo_experimental_1/data/data_crop/train_resized/Abuse031_x264-49320e48eb_1_flip_lr_crop.mp4
15282,/content/drive/MyDrive/ucf_experiments/ciclo_experimental_1/data/data_crop/train/Assault002_x264-fc31c32924_0_flip_lr_crop.mp4,0,/content/drive/MyDrive/ucf_experiments/ciclo_experimental_1/data/data_crop/train_resized/Assault002_x264-fc31c32924_0_flip_lr_crop.mp4
15283,/content/drive/MyDrive/ucf_experiments/ciclo_experimental_1/data/data_crop/train/Robbery026_x264-7a2297eeca_0_flip_lr_crop.mp4,0,/content/drive/MyDrive/ucf_experiments/ciclo_experimental_1/data/data_crop/train_resized/Robbery026_x264-7a2297eeca_0_flip_lr_crop.mp4
15284,/content/drive/MyDrive/ucf_experiments/ciclo_experimental_1/data/data_crop/train/Arrest023_x264-dc73e011d5_1_flip_lr_crop.mp4,1,/content/drive/MyDrive/ucf_experiments/ciclo_experimental_1/data/data_crop/train_resized/Arrest023_x264-dc73e011d5_1_flip_lr_crop.mp4
15285,/content/drive/MyDrive/ucf_experiments/ciclo_experimental_1/data/data_crop/train/Assault029_x264-3222311391_0_flip_lr_crop.mp4,0,/content/drive/MyDrive/ucf_experiments/ciclo_experimental_1/data/data_crop/train_resized/Assault029_x264-3222311391_0_flip_lr_crop.mp4
15286,/content/drive/MyDrive/ucf_experiments/ciclo_experimental_1/data/data_crop/train/Robbery039_x264-4b09266ff5_0_flip_lr_crop.mp4,0,/content/drive/MyDrive/ucf_experiments/ciclo_experimental_1/data/data_crop/train_resized/Robbery039_x264-4b09266ff5_0_flip_lr_crop.mp4
15287,/content/drive/MyDrive/ucf_experiments/ciclo_experimental_1/data/data_crop/train/Robbery100_x264-6751d6459e_1_flip_lr_crop.mp4,1,/content/drive/MyDrive/ucf_experiments/ciclo_experimental_1/data/data_crop/train_resized/Robbery100_x264-6751d6459e_1_flip_lr_crop.mp4
15288,/content/drive/MyDrive/ucf_experiments/ciclo_experimental_1/data/data_crop/train/Assault026_x264-7ea0ba27ce_1_flip_lr_crop.mp4,1,/content/drive/MyDrive/ucf_experiments/ciclo_experimental_1/data/data_crop/train_resized/Assault026_x264-7ea0ba27ce_1_flip_lr_crop.mp4
15289,/content/drive/MyDrive/ucf_experiments/ciclo_experimental_1/data/data_crop/train/Robbery021_x264-17f6bfcdfb_0_flip_lr_crop.mp4,0,/content/drive/MyDrive/ucf_experiments/ciclo_experimental_1/data/data_crop/train_resized/Robbery021_x264-17f6bfcdfb_0_flip_lr_crop.mp4
15290,/content/drive/MyDrive/ucf_experiments/ciclo_experimental_1/data/data_crop/train/Arrest038_x264-574ba9937a_0_flip_lr_crop.mp4,0,/content/drive/MyDrive/ucf_experiments/ciclo_experimental_1/data/data_crop/train_resized/Arrest038_x264-574ba9937a_0_flip_lr_crop.mp4
15291,/content/drive/MyDrive/ucf_experiments/ciclo_experimental_1/data/data_crop/train/Fighting025_x264-ea50c3788b_0_flip_lr_crop.mp4,0,/content/drive/MyDrive/ucf_experiments/ciclo_experimental_1/data/data_crop/train_resized/Fighting025_x264-ea50c3788b_0_flip_lr_crop.mp4
15292,/content/drive/MyDrive/ucf_experiments/ciclo_experimental_1/data/data_crop/train/Abuse026_x264-8126f3553b_0_flip_lr_crop.mp4,0,/content/drive/MyDrive/ucf_experiments/ciclo_experimental_1/data/data_crop/train_resized/Abuse026_x264-8126f3553b_0_flip_lr_crop.mp4
15293,/content/drive/MyDrive/ucf_experiments/ciclo_experimental_1/data/data_crop/train/Robbery006_x264-3549fb67ef_1_flip_lr_crop.mp4,1,/content/drive/MyDrive/ucf_experiments/ciclo_experimental_1/data/data_crop/train_resized/Robbery006_x264-3549fb67ef_1_flip_lr_crop.mp4
15294,/content/drive/MyDrive/ucf_experiments/ciclo_experimental_1/data/data_crop/train/Robbery009_x264-1c441a11e9_1_flip_lr_crop.mp4,1,/content/drive/MyDrive/ucf_experiments/ciclo_experimental_1/data/data_crop/train_resized/Robbery009_x264-1c441a11e9_1_flip_lr_crop.mp4
15295,/content/drive/MyDrive/ucf_experiments/ciclo_experimental_1/data/data_crop/train/Fighting024_x264-ffd457d4ea_1_flip_lr_crop.mp4,1,/content/drive/MyDrive/ucf_experiments/ciclo_experimental_1/data/data_crop/train_resized/Fighting024_x264-ffd457d4ea_1_flip_lr_crop.mp4
15296,/content/drive/MyDrive/ucf_experiments/ciclo_experimental_1/data/data_crop/train/Assault031_x264-17c4e2b9f3_1_flip_lr_crop.mp4,1,/content/drive/MyDrive/ucf_experiments/ciclo_experimental_1/data/data_crop/train_resized/Assault031_x264-17c4e2b9f3_1_flip_lr_crop.mp4
15297,/content/drive/MyDrive/ucf_experiments/ciclo_experimental_1/data/data_crop/train/Abuse042_x264-99150a7402_1_flip_lr_crop.mp4,1,/content/drive/MyDrive/ucf_experiments/ciclo_experimental_1/data/data_crop/train_resized/Abuse042_x264-99150a7402_1_flip_lr_crop.mp4
15298,/content/drive/MyDrive/ucf_experiments/ciclo_experimental_1/data/data_crop/train/Assault037_x264-047ab5f22c_0_flip_lr_crop.mp4,0,/content/drive/MyDrive/ucf_experiments/ciclo_experimental_1/data/data_crop/train_resized/Assault037_x264-047ab5f22c_0_flip_lr_crop.mp4
15299,/content/drive/MyDrive/ucf_experiments/ciclo_experimental_1/data/data_crop/train/Abuse042_x264-ca0da39c5a_1_flip_lr_crop.mp4,1,/content/drive/MyDrive/ucf_experiments/ciclo_experimental_1/data/data_crop/train_resized/Abuse042_x264-ca0da39c5a_1_flip_lr_crop.mp4
15300,/content/drive/MyDrive/ucf_experiments/ciclo_experimental_1/data/data_crop/train/Fighting049_x264-3464d89bb4_1_flip_lr_crop.mp4,1,/content/drive/MyDrive/ucf_experiments/ciclo_experimental_1/data/data_crop/train_resized/Fighting049_x264-3464d89bb4_1_flip_lr_crop.mp4
15301,/content/drive/MyDrive/ucf_experiments/ciclo_experimental_1/data/data_crop/train/Fighting006_x264-758eaf2368_0_flip_lr_crop.mp4,0,/content/drive/MyDrive/ucf_experiments/ciclo_experimental_1/data/data_crop/train_resized/Fighting006_x264-758eaf2368_0_flip_lr_crop.mp4
15302,/content/drive/MyDrive/ucf_experiments/ciclo_experimental_1/data/data_crop/train/Robbery070_x264-9179acebe6_1_flip_lr_crop.mp4,1,/content/drive/MyDrive/ucf_experiments/ciclo_experimental_1/data/data_crop/train_resized/Robbery070_x264-9179acebe6_1_flip_lr_crop.mp4
15303,/content/drive/MyDrive/ucf_experiments/ciclo_experimental_1/data/data_crop/train/Assault049_x264-f33bd4c1c1_0_flip_lr_crop.mp4,0,/content/drive/MyDrive/ucf_experiments/ciclo_experimental_1/data/data_crop/train_resized/Assault049_x264-f33bd4c1c1_0_flip_lr_crop.mp4
15304,/content/drive/MyDrive/ucf_experiments/ciclo_experimental_1/data/data_crop/train/Assault023_x264-69af2ac9ad_0_flip_lr_crop.mp4,0,/content/drive/MyDrive/ucf_experiments/ciclo_experimental_1/data/data_crop/train_resized/Assault023_x264-69af2ac9ad_0_flip_lr_crop.mp4
15305,/content/drive/MyDrive/ucf_experiments/ciclo_experimental_1/data/data_crop/train/Assault045_x264-5d0b0cb72e_0_flip_lr_crop.mp4,0,/content/drive/MyDrive/ucf_experiments/ciclo_experimental_1/data/data_crop/train_resized/Assault045_x264-5d0b0cb72e_0_flip_lr_crop.mp4
15306,/content/drive/MyDrive/ucf_experiments/ciclo_experimental_1/data/data_crop/train/Arrest005_x264-2a79509dcf_1_flip_lr_crop.mp4,1,/content/drive/MyDrive/ucf_experiments/ciclo_experimental_1/data/data_crop/train_resized/Arrest005_x264-2a79509dcf_1_flip_lr_crop.mp4
15307,/content/drive/MyDrive/ucf_experiments/ciclo_experimental_1/data/data_crop/train/Robbery070_x264-75e9deacb5_1_flip_lr_crop.mp4,1,/content/drive/MyDrive/ucf_experiments/ciclo_experimental_1/data/data_crop/train_resized/Robbery070_x264-75e9deacb5_1_flip_lr_crop.mp4
15308,/content/drive/MyDrive/ucf_experiments/ciclo_experimental_1/data/data_crop/train/-1l5631l3fg_0-c35da37146_1_flip_lr_crop.mp4,1,/content/drive/MyDrive/ucf_experiments/ciclo_experimental_1/data/data_crop/train_resized/-1l5631l3fg_0-c35da37146_1_flip_lr_crop.mp4
15309,/content/drive/MyDrive/ucf_experiments/ciclo_experimental_1/data/data_crop/train/Ile3EVQA_0-057cd83114_1_flip_lr_crop.mp4,1,/content/drive/MyDrive/ucf_experiments/ciclo_experimental_1/data/data_crop/train_resized/Ile3EVQA_0-057cd83114_1_flip_lr_crop.mp4
15310,/content/drive/MyDrive/ucf_experiments/ciclo_experimental_1/data/data_crop/train/EtRfZ2KP_5-27521c0df3_1_flip_lr_crop.mp4,1,/content/drive/MyDrive/ucf_experiments/ciclo_experimental_1/data/data_crop/train_resized/EtRfZ2KP_5-27521c0df3_1_flip_lr_crop.mp4
15311,/content/drive/MyDrive/ucf_experiments/ciclo_experimental_1/data/data_crop/train/-1l5631l3fg_1-60d6734bd5_1_flip_lr_crop.mp4,1,/content/drive/MyDrive/ucf_experiments/ciclo_experimental_1/data/data_crop/train_resized/-1l5631l3fg_1-60d6734bd5_1_flip_lr_crop.mp4
15312,/content/drive/MyDrive/ucf_experiments/ciclo_experimental_1/data/data_crop/train/-1l5631l3fg_2-8b3c63f38a_1_flip_lr_crop.mp4,1,/content/drive/MyDrive/ucf_experiments/ciclo_experimental_1/data/data_crop/train_resized/-1l5631l3fg_2-8b3c63f38a_1_flip_lr_crop.mp4
15313,/content/drive/MyDrive/ucf_experiments/ciclo_experimental_1/data/data_crop/train/0H2s9UJcNJ0_0-606b64f172_1_flip_lr_crop.mp4,1,/content/drive/MyDrive/ucf_experiments/ciclo_experimental_1/data/data_crop/train_resized/0H2s9UJcNJ0_0-606b64f172_1_flip_lr_crop.mp4
15314,/content/drive/MyDrive/ucf_experiments/ciclo_experimental_1/data/data_crop/train/0H2s9UJcNJ0_2-befb3e6640_1_flip_lr_crop.mp4,1,/content/drive/MyDrive/ucf_experiments/ciclo_experimental_1/data/data_crop/train_resized/0H2s9UJcNJ0_2-befb3e6640_1_flip_lr_crop.mp4
15315,/content/drive/MyDrive/ucf_experiments/ciclo_experimental_1/data/data_crop/train/0H2s9UJcNJ0_3-206e5cd0d7_1_flip_lr_crop.mp4,1,/content/drive/MyDrive/ucf_experiments/ciclo_experimental_1/data/data_crop/train_resized/0H2s9UJcNJ0_3-206e5cd0d7_1_flip_lr_crop.mp4
15316,/content/drive/MyDrive/ucf_experiments/ciclo_experimental_1/data/data_crop/train/0H2s9UJcNJ0_4-6116946200_1_flip_lr_crop.mp4,1,/content/drive/MyDrive/ucf_experiments/ciclo_experimental_1/data/data_crop/train_resized/0H2s9UJcNJ0_4-6116946200_1_flip_lr_crop.mp4
15317,/content/drive/MyDrive/ucf_experiments/ciclo_experimental_1/data/data_crop/train/0H2s9UJcNJ0_5-b09050007f_1_flip_lr_crop.mp4,1,/content/drive/MyDrive/ucf_experiments/ciclo_experimental_1/data/data_crop/train_resized/0H2s9UJcNJ0_5-b09050007f_1_flip_lr_crop.mp4
15318,/content/drive/MyDrive/ucf_experiments/ciclo_experimental_1/data/data_crop/train/0lHQ2f0d_0-98e359c1cb_1_flip_lr_crop.mp4,1,/content/drive/MyDrive/ucf_experiments/ciclo_experimental_1/data/data_crop/train_resized/0lHQ2f0d_0-98e359c1cb_1_flip_lr_crop.mp4
15319,/content/drive/MyDrive/ucf_experiments/ciclo_experimental_1/data/data_crop/train/0lHQ2f0d_1-6a14dc919d_1_flip_lr_crop.mp4,1,/content/drive/MyDrive/ucf_experiments/ciclo_experimental_1/data/data_crop/train_resized/0lHQ2f0d_1-6a14dc919d_1_flip_lr_crop.mp4
15320,/content/drive/MyDrive/ucf_experiments/ciclo_experimental_1/data/data_crop/train/0lHQ2f0d_2-affed7912d_1_flip_lr_crop.mp4,1,/content/drive/MyDrive/ucf_experiments/ciclo_experimental_1/data/data_crop/train_resized/0lHQ2f0d_2-affed7912d_1_flip_lr_crop.mp4
15321,/content/drive/MyDrive/ucf_experiments/ciclo_experimental_1/data/data_crop/train/0lHQ2f0d_3-048385713b_1_flip_lr_crop.mp4,1,/content/drive/MyDrive/ucf_experiments/ciclo_experimental_1/data/data_crop/train_resized/0lHQ2f0d_3-048385713b_1_flip_lr_crop.mp4
15322,/content/drive/MyDrive/ucf_experiments/ciclo_experimental_1/data/data_crop/train/0NWz-01A2yk_0-2d21d2f38f_1_flip_lr_crop.mp4,1,/content/drive/MyDrive/ucf_experiments/ciclo_experimental_1/data/data_crop/train_resized/0NWz-01A2yk_0-2d21d2f38f_1_flip_lr_crop.mp4
15323,/content/drive/MyDrive/ucf_experiments/ciclo_experimental_1/data/data_crop/train/0NWz-01A2yk_1-17627f0be3_1_flip_lr_crop.mp4,1,/content/drive/MyDrive/ucf_experiments/ciclo_experimental_1/data/data_crop/train_resized/0NWz-01A2yk_1-17627f0be3_1_flip_lr_crop.mp4
15324,/content/drive/MyDrive/ucf_experiments/ciclo_experimental_1/data/data_crop/train/0TFi8D8IBg4_1-9a2fd9fcd5_1_flip_lr_crop.mp4,1,/content/drive/MyDrive/ucf_experiments/ciclo_experimental_1/data/data_crop/train_resized/0TFi8D8IBg4_1-9a2fd9fcd5_1_flip_lr_crop.mp4
15325,/content/drive/MyDrive/ucf_experiments/ciclo_experimental_1/data/data_crop/train/0vasozvJYvk_0-768b5cb889_1_flip_lr_crop.mp4,1,/content/drive/MyDrive/ucf_experiments/ciclo_experimental_1/data/data_crop/train_resized/0vasozvJYvk_0-768b5cb889_1_flip_lr_crop.mp4
15326,/content/drive/MyDrive/ucf_experiments/ciclo_experimental_1/data/data_crop/train/0_DzLlklZa0_3-992190605d_1_flip_lr_crop.mp4,1,/content/drive/MyDrive/ucf_experiments/ciclo_experimental_1/data/data_crop/train_resized/0_DzLlklZa0_3-992190605d_1_flip_lr_crop.mp4
15327,/content/drive/MyDrive/ucf_experiments/ciclo_experimental_1/data/data_crop/train/0_DzLlklZa0_4-68513949d8_1_flip_lr_crop.mp4,1,/content/drive/MyDrive/ucf_experiments/ciclo_experimental_1/data/data_crop/train_resized/0_DzLlklZa0_4-68513949d8_1_flip_lr_crop.mp4
15328,/content/drive/MyDrive/ucf_experiments/ciclo_experimental_1/data/data_crop/train/0_DzLlklZa0_5-4f3317f95e_1_flip_lr_crop.mp4,1,/content/drive/MyDrive/ucf_experiments/ciclo_experimental_1/data/data_crop/train_resized/0_DzLlklZa0_5-4f3317f95e_1_flip_lr_crop.mp4
15329,/content/drive/MyDrive/ucf_experiments/ciclo_experimental_1/data/data_crop/train/0_DzLlklZa0_6-c19d9d3ee2_1_flip_lr_crop.mp4,1,/content/drive/MyDrive/ucf_experiments/ciclo_experimental_1/data/data_crop/train_resized/0_DzLlklZa0_6-c19d9d3ee2_1_flip_lr_crop.mp4
15330,/content/drive/MyDrive/ucf_experiments/ciclo_experimental_1/data/data_crop/train/1060314ф╕нхгвхдйцЩЯщЖлщЩвцАеши║ходцЪ┤хКЫф║Лф╗╢я╝ИхНЮщЗСх│░я╝Й_17-17843c47d4_1_flip_lr_crop.mp4,1,/content/drive/MyDrive/ucf_experiments/ciclo_experimental_1/data/data_crop/train_resized/1060314ф╕нхгвхдйцЩЯщЖлщЩвцАеши║ходцЪ┤хКЫф║Лф╗╢я╝ИхНЮщЗСх│░я╝Й_17-17843c47d4_1_flip_lr_crop.mp4
15331,/content/drive/MyDrive/ucf_experiments/ciclo_experimental_1/data/data_crop/train/1dsLuL5Lvbc_0-862d24622a_1_flip_lr_crop.mp4,1,/content/drive/MyDrive/ucf_experiments/ciclo_experimental_1/data/data_crop/train_resized/1dsLuL5Lvbc_0-862d24622a_1_flip_lr_crop.mp4
15332,/content/drive/MyDrive/ucf_experiments/ciclo_experimental_1/data/data_crop/train/1dsLuL5Lvbc_1-756e288f9a_1_flip_lr_crop.mp4,1,/content/drive/MyDrive/ucf_experiments/ciclo_experimental_1/data/data_crop/train_resized/1dsLuL5Lvbc_1-756e288f9a_1_flip_lr_crop.mp4
15333,/content/drive/MyDrive/ucf_experiments/ciclo_experimental_1/data/data_crop/train/1dsLuL5Lvbc_2-f06449afcb_1_flip_lr_crop.mp4,1,/content/drive/MyDrive/ucf_experiments/ciclo_experimental_1/data/data_crop/train_resized/1dsLuL5Lvbc_2-f06449afcb_1_flip_lr_crop.mp4
15334,/content/drive/MyDrive/ucf_experiments/ciclo_experimental_1/data/data_crop/train/1dsLuL5Lvbc_3-ee1fb58204_1_flip_lr_crop.mp4,1,/content/drive/MyDrive/ucf_experiments/ciclo_experimental_1/data/data_crop/train_resized/1dsLuL5Lvbc_3-ee1fb58204_1_flip_lr_crop.mp4
15335,/content/drive/MyDrive/ucf_experiments/ciclo_experimental_1/data/data_crop/train/1DwRGRND_0-f9299defa3_1_flip_lr_crop.mp4,1,/content/drive/MyDrive/ucf_experiments/ciclo_experimental_1/data/data_crop/train_resized/1DwRGRND_0-f9299defa3_1_flip_lr_crop.mp4
15336,/content/drive/MyDrive/ucf_experiments/ciclo_experimental_1/data/data_crop/train/1DwRGRND_1-a9bc3e1af7_1_flip_lr_crop.mp4,1,/content/drive/MyDrive/ucf_experiments/ciclo_experimental_1/data/data_crop/train_resized/1DwRGRND_1-a9bc3e1af7_1_flip_lr_crop.mp4
15337,/content/drive/MyDrive/ucf_experiments/ciclo_experimental_1/data/data_crop/train/1O4KGHbRt3M_0-61cd725c9a_1_flip_lr_crop.mp4,1,/content/drive/MyDrive/ucf_experiments/ciclo_experimental_1/data/data_crop/train_resized/1O4KGHbRt3M_0-61cd725c9a_1_flip_lr_crop.mp4
15338,/content/drive/MyDrive/ucf_experiments/ciclo_experimental_1/data/data_crop/train/1O4KGHbRt3M_1-287456e110_1_flip_lr_crop.mp4,1,/content/drive/MyDrive/ucf_experiments/ciclo_experimental_1/data/data_crop/train_resized/1O4KGHbRt3M_1-287456e110_1_flip_lr_crop.mp4
15339,/content/drive/MyDrive/ucf_experiments/ciclo_experimental_1/data/data_crop/train/1O4KGHbRt3M_2-72e7185038_1_flip_lr_crop.mp4,1,/content/drive/MyDrive/ucf_experiments/ciclo_experimental_1/data/data_crop/train_resized/1O4KGHbRt3M_2-72e7185038_1_flip_lr_crop.mp4
15340,/content/drive/MyDrive/ucf_experiments/ciclo_experimental_1/data/data_crop/train/1O4KGHbRt3M_3-34daf3970f_1_flip_lr_crop.mp4,1,/content/drive/MyDrive/ucf_experiments/ciclo_experimental_1/data/data_crop/train_resized/1O4KGHbRt3M_3-34daf3970f_1_flip_lr_crop.mp4
15341,/content/drive/MyDrive/ucf_experiments/ciclo_experimental_1/data/data_crop/train/1O4KGHbRt3M_4-2303d16c6c_1_flip_lr_crop.mp4,1,/content/drive/MyDrive/ucf_experiments/ciclo_experimental_1/data/data_crop/train_resized/1O4KGHbRt3M_4-2303d16c6c_1_flip_lr_crop.mp4
15342,/content/drive/MyDrive/ucf_experiments/ciclo_experimental_1/data/data_crop/train/1r0Wz04q_0-64416cebda_1_flip_lr_crop.mp4,1,/content/drive/MyDrive/ucf_experiments/ciclo_experimental_1/data/data_crop/train_resized/1r0Wz04q_0-64416cebda_1_flip_lr_crop.mp4
15343,/content/drive/MyDrive/ucf_experiments/ciclo_experimental_1/data/data_crop/train/1tU4kxa51vw_1-0ad750c90f_1_flip_lr_crop.mp4,1,/content/drive/MyDrive/ucf_experiments/ciclo_experimental_1/data/data_crop/train_resized/1tU4kxa51vw_1-0ad750c90f_1_flip_lr_crop.mp4
15344,/content/drive/MyDrive/ucf_experiments/ciclo_experimental_1/data/data_crop/train/1XFiS6Lt_0-fde7bd2a5d_1_flip_lr_crop.mp4,1,/content/drive/MyDrive/ucf_experiments/ciclo_experimental_1/data/data_crop/train_resized/1XFiS6Lt_0-fde7bd2a5d_1_flip_lr_crop.mp4
15345,/content/drive/MyDrive/ucf_experiments/ciclo_experimental_1/data/data_crop/train/1XFiS6Lt_1-f77a954290_1_flip_lr_crop.mp4,1,/content/drive/MyDrive/ucf_experiments/ciclo_experimental_1/data/data_crop/train_resized/1XFiS6Lt_1-f77a954290_1_flip_lr_crop.mp4
15346,/content/drive/MyDrive/ucf_experiments/ciclo_experimental_1/data/data_crop/train/20130506 05_58 шЧЭф║║ щ╗СцЮЭ_37-add4be0be9_1_flip_lr_crop.mp4,1,/content/drive/MyDrive/ucf_experiments/ciclo_experimental_1/data/data_crop/train_resized/20130506 05_58 шЧЭф║║ щ╗СцЮЭ_37-add4be0be9_1_flip_lr_crop.mp4
15347,/content/drive/MyDrive/ucf_experiments/ciclo_experimental_1/data/data_crop/train/24E0xYYUz44_0-774ed41198_1_flip_lr_crop.mp4,1,/content/drive/MyDrive/ucf_experiments/ciclo_experimental_1/data/data_crop/train_resized/24E0xYYUz44_0-774ed41198_1_flip_lr_crop.mp4
15348,/content/drive/MyDrive/ucf_experiments/ciclo_experimental_1/data/data_crop/train/24E0xYYUz44_1-1982a28f1c_1_flip_lr_crop.mp4,1,/content/drive/MyDrive/ucf_experiments/ciclo_experimental_1/data/data_crop/train_resized/24E0xYYUz44_1-1982a28f1c_1_flip_lr_crop.mp4
15349,/content/drive/MyDrive/ucf_experiments/ciclo_experimental_1/data/data_crop/train/24E0xYYUz44_2-b3be1d526b_1_flip_lr_crop.mp4,1,/content/drive/MyDrive/ucf_experiments/ciclo_experimental_1/data/data_crop/train_resized/24E0xYYUz44_2-b3be1d526b_1_flip_lr_crop.mp4
15350,/content/drive/MyDrive/ucf_experiments/ciclo_experimental_1/data/data_crop/train/24E0xYYUz44_3-841ad788ab_1_flip_lr_crop.mp4,1,/content/drive/MyDrive/ucf_experiments/ciclo_experimental_1/data/data_crop/train_resized/24E0xYYUz44_3-841ad788ab_1_flip_lr_crop.mp4
15351,/content/drive/MyDrive/ucf_experiments/ciclo_experimental_1/data/data_crop/train/24E0xYYUz44_4-788f415fd8_1_flip_lr_crop.mp4,1,/content/drive/MyDrive/ucf_experiments/ciclo_experimental_1/data/data_crop/train_resized/24E0xYYUz44_4-788f415fd8_1_flip_lr_crop.mp4
15352,/content/drive/MyDrive/ucf_experiments/ciclo_experimental_1/data/data_crop/train/24E0xYYUz44_5-f8f008f5f1_1_flip_lr_crop.mp4,1,/content/drive/MyDrive/ucf_experiments/ciclo_experimental_1/data/data_crop/train_resized/24E0xYYUz44_5-f8f008f5f1_1_flip_lr_crop.mp4
15353,/content/drive/MyDrive/ucf_experiments/ciclo_experimental_1/data/data_crop/train/24E0xYYUz44_6-ae6e9407c6_1_flip_lr_crop.mp4,1,/content/drive/MyDrive/ucf_experiments/ciclo_experimental_1/data/data_crop/train_resized/24E0xYYUz44_6-ae6e9407c6_1_flip_lr_crop.mp4
15354,/content/drive/MyDrive/ucf_experiments/ciclo_experimental_1/data/data_crop/train/24E0xYYUz44_7-22ca926039_1_flip_lr_crop.mp4,1,/content/drive/MyDrive/ucf_experiments/ciclo_experimental_1/data/data_crop/train_resized/24E0xYYUz44_7-22ca926039_1_flip_lr_crop.mp4
15355,/content/drive/MyDrive/ucf_experiments/ciclo_experimental_1/data/data_crop/train/2hQMRq06NJs_0-9d06d1aa80_1_flip_lr_crop.mp4,1,/content/drive/MyDrive/ucf_experiments/ciclo_experimental_1/data/data_crop/train_resized/2hQMRq06NJs_0-9d06d1aa80_1_flip_lr_crop.mp4
15356,/content/drive/MyDrive/ucf_experiments/ciclo_experimental_1/data/data_crop/train/2sy_eLpH-PI_0-c2238fcb78_1_flip_lr_crop.mp4,1,/content/drive/MyDrive/ucf_experiments/ciclo_experimental_1/data/data_crop/train_resized/2sy_eLpH-PI_0-c2238fcb78_1_flip_lr_crop.mp4
15357,/content/drive/MyDrive/ucf_experiments/ciclo_experimental_1/data/data_crop/train/2sy_eLpH-PI_1-b580c89da8_1_flip_lr_crop.mp4,1,/content/drive/MyDrive/ucf_experiments/ciclo_experimental_1/data/data_crop/train_resized/2sy_eLpH-PI_1-b580c89da8_1_flip_lr_crop.mp4
15358,/content/drive/MyDrive/ucf_experiments/ciclo_experimental_1/data/data_crop/train/3CQi0ZCCHvc_0-bffe48f6f4_1_flip_lr_crop.mp4,1,/content/drive/MyDrive/ucf_experiments/ciclo_experimental_1/data/data_crop/train_resized/3CQi0ZCCHvc_0-bffe48f6f4_1_flip_lr_crop.mp4
15359,/content/drive/MyDrive/ucf_experiments/ciclo_experimental_1/data/data_crop/train/3CQi0ZCCHvc_1-8e69b51f18_1_flip_lr_crop.mp4,1,/content/drive/MyDrive/ucf_experiments/ciclo_experimental_1/data/data_crop/train_resized/3CQi0ZCCHvc_1-8e69b51f18_1_flip_lr_crop.mp4
15360,/content/drive/MyDrive/ucf_experiments/ciclo_experimental_1/data/data_crop/train/3CQi0ZCCHvc_2-133cb9097a_1_flip_lr_crop.mp4,1,/content/drive/MyDrive/ucf_experiments/ciclo_experimental_1/data/data_crop/train_resized/3CQi0ZCCHvc_2-133cb9097a_1_flip_lr_crop.mp4
15361,/content/drive/MyDrive/ucf_experiments/ciclo_experimental_1/data/data_crop/train/3kpviz7lAMY_0-9f6119ea3f_1_flip_lr_crop.mp4,1,/content/drive/MyDrive/ucf_experiments/ciclo_experimental_1/data/data_crop/train_resized/3kpviz7lAMY_0-9f6119ea3f_1_flip_lr_crop.mp4
15362,/content/drive/MyDrive/ucf_experiments/ciclo_experimental_1/data/data_crop/train/3kpviz7lAMY_1-5220be2cd6_1_flip_lr_crop.mp4,1,/content/drive/MyDrive/ucf_experiments/ciclo_experimental_1/data/data_crop/train_resized/3kpviz7lAMY_1-5220be2cd6_1_flip_lr_crop.mp4
15363,/content/drive/MyDrive/ucf_experiments/ciclo_experimental_1/data/data_crop/train/3kpviz7lAMY_2-c970a7971a_1_flip_lr_crop.mp4,1,/content/drive/MyDrive/ucf_experiments/ciclo_experimental_1/data/data_crop/train_resized/3kpviz7lAMY_2-c970a7971a_1_flip_lr_crop.mp4
15364,/content/drive/MyDrive/ucf_experiments/ciclo_experimental_1/data/data_crop/train/3kpviz7lAMY_3-d3916e72a5_1_flip_lr_crop.mp4,1,/content/drive/MyDrive/ucf_experiments/ciclo_experimental_1/data/data_crop/train_resized/3kpviz7lAMY_3-d3916e72a5_1_flip_lr_crop.mp4
15365,/content/drive/MyDrive/ucf_experiments/ciclo_experimental_1/data/data_crop/train/3kpviz7lAMY_4-75d53a9ed0_1_flip_lr_crop.mp4,1,/content/drive/MyDrive/ucf_experiments/ciclo_experimental_1/data/data_crop/train_resized/3kpviz7lAMY_4-75d53a9ed0_1_flip_lr_crop.mp4
15366,/content/drive/MyDrive/ucf_experiments/ciclo_experimental_1/data/data_crop/train/3OKArbzg1uc_0-5ad6631edb_1_flip_lr_crop.mp4,1,/content/drive/MyDrive/ucf_experiments/ciclo_experimental_1/data/data_crop/train_resized/3OKArbzg1uc_0-5ad6631edb_1_flip_lr_crop.mp4
15367,/content/drive/MyDrive/ucf_experiments/ciclo_experimental_1/data/data_crop/train/3OKArbzg1uc_1-c2abdc3f4b_1_flip_lr_crop.mp4,1,/content/drive/MyDrive/ucf_experiments/ciclo_experimental_1/data/data_crop/train_resized/3OKArbzg1uc_1-c2abdc3f4b_1_flip_lr_crop.mp4
15368,/content/drive/MyDrive/ucf_experiments/ciclo_experimental_1/data/data_crop/train/3OKArbzg1uc_2-cc33dc9548_1_flip_lr_crop.mp4,1,/content/drive/MyDrive/ucf_experiments/ciclo_experimental_1/data/data_crop/train_resized/3OKArbzg1uc_2-cc33dc9548_1_flip_lr_crop.mp4
15369,/content/drive/MyDrive/ucf_experiments/ciclo_experimental_1/data/data_crop/train/3OKArbzg1uc_3-7e475425e8_1_flip_lr_crop.mp4,1,/content/drive/MyDrive/ucf_experiments/ciclo_experimental_1/data/data_crop/train_resized/3OKArbzg1uc_3-7e475425e8_1_flip_lr_crop.mp4
15370,/content/drive/MyDrive/ucf_experiments/ciclo_experimental_1/data/data_crop/train/3OKArbzg1uc_4-df4dfb42b9_1_flip_lr_crop.mp4,1,/content/drive/MyDrive/ucf_experiments/ciclo_experimental_1/data/data_crop/train_resized/3OKArbzg1uc_4-df4dfb42b9_1_flip_lr_crop.mp4
15371,/content/drive/MyDrive/ucf_experiments/ciclo_experimental_1/data/data_crop/train/3SS0E4SmTk8_0-b2c6b3f406_1_flip_lr_crop.mp4,1,/content/drive/MyDrive/ucf_experiments/ciclo_experimental_1/data/data_crop/train_resized/3SS0E4SmTk8_0-b2c6b3f406_1_flip_lr_crop.mp4
15372,/content/drive/MyDrive/ucf_experiments/ciclo_experimental_1/data/data_crop/train/3SS0E4SmTk8_1-3875b41950_1_flip_lr_crop.mp4,1,/content/drive/MyDrive/ucf_experiments/ciclo_experimental_1/data/data_crop/train_resized/3SS0E4SmTk8_1-3875b41950_1_flip_lr_crop.mp4
15373,/content/drive/MyDrive/ucf_experiments/ciclo_experimental_1/data/data_crop/train/3Vw7MoNBgx4_0-db88ecdadc_1_flip_lr_crop.mp4,1,/content/drive/MyDrive/ucf_experiments/ciclo_experimental_1/data/data_crop/train_resized/3Vw7MoNBgx4_0-db88ecdadc_1_flip_lr_crop.mp4
15374,/content/drive/MyDrive/ucf_experiments/ciclo_experimental_1/data/data_crop/train/4HH7yMU8y9A_0-076bd18dba_1_flip_lr_crop.mp4,1,/content/drive/MyDrive/ucf_experiments/ciclo_experimental_1/data/data_crop/train_resized/4HH7yMU8y9A_0-076bd18dba_1_flip_lr_crop.mp4
15375,/content/drive/MyDrive/ucf_experiments/ciclo_experimental_1/data/data_crop/train/4HH7yMU8y9A_1-47e37348ec_1_flip_lr_crop.mp4,1,/content/drive/MyDrive/ucf_experiments/ciclo_experimental_1/data/data_crop/train_resized/4HH7yMU8y9A_1-47e37348ec_1_flip_lr_crop.mp4
15376,/content/drive/MyDrive/ucf_experiments/ciclo_experimental_1/data/data_crop/train/4RqDG4I4iAk_0-060ed87347_1_flip_lr_crop.mp4,1,/content/drive/MyDrive/ucf_experiments/ciclo_experimental_1/data/data_crop/train_resized/4RqDG4I4iAk_0-060ed87347_1_flip_lr_crop.mp4
15377,/content/drive/MyDrive/ucf_experiments/ciclo_experimental_1/data/data_crop/train/4RqDG4I4iAk_1-99c91705ff_1_flip_lr_crop.mp4,1,/content/drive/MyDrive/ucf_experiments/ciclo_experimental_1/data/data_crop/train_resized/4RqDG4I4iAk_1-99c91705ff_1_flip_lr_crop.mp4
15378,/content/drive/MyDrive/ucf_experiments/ciclo_experimental_1/data/data_crop/train/4RqDG4I4iAk_2-e0c7f934f5_1_flip_lr_crop.mp4,1,/content/drive/MyDrive/ucf_experiments/ciclo_experimental_1/data/data_crop/train_resized/4RqDG4I4iAk_2-e0c7f934f5_1_flip_lr_crop.mp4
15379,/content/drive/MyDrive/ucf_experiments/ciclo_experimental_1/data/data_crop/train/4RqDG4I4iAk_3-a63ab4a23a_1_flip_lr_crop.mp4,1,/content/drive/MyDrive/ucf_experiments/ciclo_experimental_1/data/data_crop/train_resized/4RqDG4I4iAk_3-a63ab4a23a_1_flip_lr_crop.mp4
15380,/content/drive/MyDrive/ucf_experiments/ciclo_experimental_1/data/data_crop/train/4RqDG4I4iAk_4-3c32ad2cb3_1_flip_lr_crop.mp4,1,/content/drive/MyDrive/ucf_experiments/ciclo_experimental_1/data/data_crop/train_resized/4RqDG4I4iAk_4-3c32ad2cb3_1_flip_lr_crop.mp4
15381,/content/drive/MyDrive/ucf_experiments/ciclo_experimental_1/data/data_crop/train/4RqDG4I4iAk_5-ac112c594e_1_flip_lr_crop.mp4,1,/content/drive/MyDrive/ucf_experiments/ciclo_experimental_1/data/data_crop/train_resized/4RqDG4I4iAk_5-ac112c594e_1_flip_lr_crop.mp4
15382,/content/drive/MyDrive/ucf_experiments/ciclo_experimental_1/data/data_crop/train/4RqDG4I4iAk_6-73c50e180b_1_flip_lr_crop.mp4,1,/content/drive/MyDrive/ucf_experiments/ciclo_experimental_1/data/data_crop/train_resized/4RqDG4I4iAk_6-73c50e180b_1_flip_lr_crop.mp4
15383,/content/drive/MyDrive/ucf_experiments/ciclo_experimental_1/data/data_crop/train/4RqDG4I4iAk_7-85fd990d61_1_flip_lr_crop.mp4,1,/content/drive/MyDrive/ucf_experiments/ciclo_experimental_1/data/data_crop/train_resized/4RqDG4I4iAk_7-85fd990d61_1_flip_lr_crop.mp4
15384,/content/drive/MyDrive/ucf_experiments/ciclo_experimental_1/data/data_crop/train/4RqDG4I4iAk_8-50a6b8b90b_1_flip_lr_crop.mp4,1,/content/drive/MyDrive/ucf_experiments/ciclo_experimental_1/data/data_crop/train_resized/4RqDG4I4iAk_8-50a6b8b90b_1_flip_lr_crop.mp4
15385,/content/drive/MyDrive/ucf_experiments/ciclo_experimental_1/data/data_crop/train/4yTlGiDoxBo_0-0eb2f53514_1_flip_lr_crop.mp4,1,/content/drive/MyDrive/ucf_experiments/ciclo_experimental_1/data/data_crop/train_resized/4yTlGiDoxBo_0-0eb2f53514_1_flip_lr_crop.mp4
15386,/content/drive/MyDrive/ucf_experiments/ciclo_experimental_1/data/data_crop/train/4yTlGiDoxBo_1-e8fc7e9f0d_1_flip_lr_crop.mp4,1,/content/drive/MyDrive/ucf_experiments/ciclo_experimental_1/data/data_crop/train_resized/4yTlGiDoxBo_1-e8fc7e9f0d_1_flip_lr_crop.mp4
15387,/content/drive/MyDrive/ucf_experiments/ciclo_experimental_1/data/data_crop/train/4yTlGiDoxBo_2-4e8ca44dd2_1_flip_lr_crop.mp4,1,/content/drive/MyDrive/ucf_experiments/ciclo_experimental_1/data/data_crop/train_resized/4yTlGiDoxBo_2-4e8ca44dd2_1_flip_lr_crop.mp4
15388,/content/drive/MyDrive/ucf_experiments/ciclo_experimental_1/data/data_crop/train/4yTlGiDoxBo_3-88fcb6b229_1_flip_lr_crop.mp4,1,/content/drive/MyDrive/ucf_experiments/ciclo_experimental_1/data/data_crop/train_resized/4yTlGiDoxBo_3-88fcb6b229_1_flip_lr_crop.mp4
15389,/content/drive/MyDrive/ucf_experiments/ciclo_experimental_1/data/data_crop/train/4yTlGiDoxBo_4-24d68618e1_1_flip_lr_crop.mp4,1,/content/drive/MyDrive/ucf_experiments/ciclo_experimental_1/data/data_crop/train_resized/4yTlGiDoxBo_4-24d68618e1_1_flip_lr_crop.mp4
15390,/content/drive/MyDrive/ucf_experiments/ciclo_experimental_1/data/data_crop/train/4yTlGiDoxBo_5-e4a99df682_1_flip_lr_crop.mp4,1,/content/drive/MyDrive/ucf_experiments/ciclo_experimental_1/data/data_crop/train_resized/4yTlGiDoxBo_5-e4a99df682_1_flip_lr_crop.mp4
15391,/content/drive/MyDrive/ucf_experiments/ciclo_experimental_1/data/data_crop/train/4yzwSsis_0-9f9ae936c0_1_flip_lr_crop.mp4,1,/content/drive/MyDrive/ucf_experiments/ciclo_experimental_1/data/data_crop/train_resized/4yzwSsis_0-9f9ae936c0_1_flip_lr_crop.mp4
15392,/content/drive/MyDrive/ucf_experiments/ciclo_experimental_1/data/data_crop/train/5QqDgtwEQsI_0-5a0eab0669_1_flip_lr_crop.mp4,1,/content/drive/MyDrive/ucf_experiments/ciclo_experimental_1/data/data_crop/train_resized/5QqDgtwEQsI_0-5a0eab0669_1_flip_lr_crop.mp4
15393,/content/drive/MyDrive/ucf_experiments/ciclo_experimental_1/data/data_crop/train/6Dej3-k3MRE_0-c9213be3e2_1_flip_lr_crop.mp4,1,/content/drive/MyDrive/ucf_experiments/ciclo_experimental_1/data/data_crop/train_resized/6Dej3-k3MRE_0-c9213be3e2_1_flip_lr_crop.mp4
15394,/content/drive/MyDrive/ucf_experiments/ciclo_experimental_1/data/data_crop/train/6Dej3-k3MRE_1-e01f18487d_1_flip_lr_crop.mp4,1,/content/drive/MyDrive/ucf_experiments/ciclo_experimental_1/data/data_crop/train_resized/6Dej3-k3MRE_1-e01f18487d_1_flip_lr_crop.mp4
15395,/content/drive/MyDrive/ucf_experiments/ciclo_experimental_1/data/data_crop/train/6Dej3-k3MRE_2-b5a20d7879_1_flip_lr_crop.mp4,1,/content/drive/MyDrive/ucf_experiments/ciclo_experimental_1/data/data_crop/train_resized/6Dej3-k3MRE_2-b5a20d7879_1_flip_lr_crop.mp4
15396,/content/drive/MyDrive/ucf_experiments/ciclo_experimental_1/data/data_crop/train/6Dej3-k3MRE_3-81b60a4289_1_flip_lr_crop.mp4,1,/content/drive/MyDrive/ucf_experiments/ciclo_experimental_1/data/data_crop/train_resized/6Dej3-k3MRE_3-81b60a4289_1_flip_lr_crop.mp4
15397,/content/drive/MyDrive/ucf_experiments/ciclo_experimental_1/data/data_crop/train/6Dej3-k3MRE_4-a7ce3c6822_1_flip_lr_crop.mp4,1,/content/drive/MyDrive/ucf_experiments/ciclo_experimental_1/data/data_crop/train_resized/6Dej3-k3MRE_4-a7ce3c6822_1_flip_lr_crop.mp4
15398,/content/drive/MyDrive/ucf_experiments/ciclo_experimental_1/data/data_crop/train/6Dej3-k3MRE_5-1917aba72f_1_flip_lr_crop.mp4,1,/content/drive/MyDrive/ucf_experiments/ciclo_experimental_1/data/data_crop/train_resized/6Dej3-k3MRE_5-1917aba72f_1_flip_lr_crop.mp4
15399,/content/drive/MyDrive/ucf_experiments/ciclo_experimental_1/data/data_crop/train/6mrIIcAQ2fI_0-dfe7e54194_1_flip_lr_crop.mp4,1,/content/drive/MyDrive/ucf_experiments/ciclo_experimental_1/data/data_crop/train_resized/6mrIIcAQ2fI_0-dfe7e54194_1_flip_lr_crop.mp4
15400,/content/drive/MyDrive/ucf_experiments/ciclo_experimental_1/data/data_crop/train/6mrIIcAQ2fI_2-c6c0d321ee_1_flip_lr_crop.mp4,1,/content/drive/MyDrive/ucf_experiments/ciclo_experimental_1/data/data_crop/train_resized/6mrIIcAQ2fI_2-c6c0d321ee_1_flip_lr_crop.mp4
15401,/content/drive/MyDrive/ucf_experiments/ciclo_experimental_1/data/data_crop/train/6mrIIcAQ2fI_3-17c5aa9357_1_flip_lr_crop.mp4,1,/content/drive/MyDrive/ucf_experiments/ciclo_experimental_1/data/data_crop/train_resized/6mrIIcAQ2fI_3-17c5aa9357_1_flip_lr_crop.mp4
15402,/content/drive/MyDrive/ucf_experiments/ciclo_experimental_1/data/data_crop/train/6TDF_12-60c1d707fe_1_flip_lr_crop.mp4,1,/content/drive/MyDrive/ucf_experiments/ciclo_experimental_1/data/data_crop/train_resized/6TDF_12-60c1d707fe_1_flip_lr_crop.mp4
15403,/content/drive/MyDrive/ucf_experiments/ciclo_experimental_1/data/data_crop/train/6TDF_13-b3f2115643_1_flip_lr_crop.mp4,1,/content/drive/MyDrive/ucf_experiments/ciclo_experimental_1/data/data_crop/train_resized/6TDF_13-b3f2115643_1_flip_lr_crop.mp4
15404,/content/drive/MyDrive/ucf_experiments/ciclo_experimental_1/data/data_crop/train/6TDF_14-c9dd1fe9c0_1_flip_lr_crop.mp4,1,/content/drive/MyDrive/ucf_experiments/ciclo_experimental_1/data/data_crop/train_resized/6TDF_14-c9dd1fe9c0_1_flip_lr_crop.mp4
15405,/content/drive/MyDrive/ucf_experiments/ciclo_experimental_1/data/data_crop/train/6TDF_15-fb41322957_1_flip_lr_crop.mp4,1,/content/drive/MyDrive/ucf_experiments/ciclo_experimental_1/data/data_crop/train_resized/6TDF_15-fb41322957_1_flip_lr_crop.mp4
15406,/content/drive/MyDrive/ucf_experiments/ciclo_experimental_1/data/data_crop/train/6TDF_27-6fa719a0bb_1_flip_lr_crop.mp4,1,/content/drive/MyDrive/ucf_experiments/ciclo_experimental_1/data/data_crop/train_resized/6TDF_27-6fa719a0bb_1_flip_lr_crop.mp4
15407,/content/drive/MyDrive/ucf_experiments/ciclo_experimental_1/data/data_crop/train/7LnoFKSl2rs_0-bb812c9320_1_flip_lr_crop.mp4,1,/content/drive/MyDrive/ucf_experiments/ciclo_experimental_1/data/data_crop/train_resized/7LnoFKSl2rs_0-bb812c9320_1_flip_lr_crop.mp4
15408,/content/drive/MyDrive/ucf_experiments/ciclo_experimental_1/data/data_crop/train/7qtRgyFsk3s_0-57ec83613e_1_flip_lr_crop.mp4,1,/content/drive/MyDrive/ucf_experiments/ciclo_experimental_1/data/data_crop/train_resized/7qtRgyFsk3s_0-57ec83613e_1_flip_lr_crop.mp4
15409,/content/drive/MyDrive/ucf_experiments/ciclo_experimental_1/data/data_crop/train/7qtRgyFsk3s_1-8c6734681a_1_flip_lr_crop.mp4,1,/content/drive/MyDrive/ucf_experiments/ciclo_experimental_1/data/data_crop/train_resized/7qtRgyFsk3s_1-8c6734681a_1_flip_lr_crop.mp4
15410,/content/drive/MyDrive/ucf_experiments/ciclo_experimental_1/data/data_crop/train/7R1m3V8C30g_0-a5139774d0_1_flip_lr_crop.mp4,1,/content/drive/MyDrive/ucf_experiments/ciclo_experimental_1/data/data_crop/train_resized/7R1m3V8C30g_0-a5139774d0_1_flip_lr_crop.mp4
15411,/content/drive/MyDrive/ucf_experiments/ciclo_experimental_1/data/data_crop/train/7R1m3V8C30g_1-65a9e886d8_1_flip_lr_crop.mp4,1,/content/drive/MyDrive/ucf_experiments/ciclo_experimental_1/data/data_crop/train_resized/7R1m3V8C30g_1-65a9e886d8_1_flip_lr_crop.mp4
15412,/content/drive/MyDrive/ucf_experiments/ciclo_experimental_1/data/data_crop/train/7R1m3V8C30g_2-1c58e8d801_1_flip_lr_crop.mp4,1,/content/drive/MyDrive/ucf_experiments/ciclo_experimental_1/data/data_crop/train_resized/7R1m3V8C30g_2-1c58e8d801_1_flip_lr_crop.mp4
15413,/content/drive/MyDrive/ucf_experiments/ciclo_experimental_1/data/data_crop/train/7Xe6eysGKeU_0-60d435abfc_1_flip_lr_crop.mp4,1,/content/drive/MyDrive/ucf_experiments/ciclo_experimental_1/data/data_crop/train_resized/7Xe6eysGKeU_0-60d435abfc_1_flip_lr_crop.mp4
15414,/content/drive/MyDrive/ucf_experiments/ciclo_experimental_1/data/data_crop/train/88ndrvAZpE8_0-472c4557d5_1_flip_lr_crop.mp4,1,/content/drive/MyDrive/ucf_experiments/ciclo_experimental_1/data/data_crop/train_resized/88ndrvAZpE8_0-472c4557d5_1_flip_lr_crop.mp4
15415,/content/drive/MyDrive/ucf_experiments/ciclo_experimental_1/data/data_crop/train/88ndrvAZpE8_1-5cccdc6181_1_flip_lr_crop.mp4,1,/content/drive/MyDrive/ucf_experiments/ciclo_experimental_1/data/data_crop/train_resized/88ndrvAZpE8_1-5cccdc6181_1_flip_lr_crop.mp4
15416,/content/drive/MyDrive/ucf_experiments/ciclo_experimental_1/data/data_crop/train/89UQqPuR4Q4_0-c4edae8d89_1_flip_lr_crop.mp4,1,/content/drive/MyDrive/ucf_experiments/ciclo_experimental_1/data/data_crop/train_resized/89UQqPuR4Q4_0-c4edae8d89_1_flip_lr_crop.mp4
15417,/content/drive/MyDrive/ucf_experiments/ciclo_experimental_1/data/data_crop/train/8bEO4LGr_0-b255e2d53c_1_flip_lr_crop.mp4,1,/content/drive/MyDrive/ucf_experiments/ciclo_experimental_1/data/data_crop/train_resized/8bEO4LGr_0-b255e2d53c_1_flip_lr_crop.mp4
15418,/content/drive/MyDrive/ucf_experiments/ciclo_experimental_1/data/data_crop/train/8mxsp2RTU6M_0-92231fdee8_1_flip_lr_crop.mp4,1,/content/drive/MyDrive/ucf_experiments/ciclo_experimental_1/data/data_crop/train_resized/8mxsp2RTU6M_0-92231fdee8_1_flip_lr_crop.mp4
15419,/content/drive/MyDrive/ucf_experiments/ciclo_experimental_1/data/data_crop/train/8pKKdS7rhXo_0-3152618eaf_1_flip_lr_crop.mp4,1,/content/drive/MyDrive/ucf_experiments/ciclo_experimental_1/data/data_crop/train_resized/8pKKdS7rhXo_0-3152618eaf_1_flip_lr_crop.mp4
15420,/content/drive/MyDrive/ucf_experiments/ciclo_experimental_1/data/data_crop/train/8pKKdS7rhXo_1-71fe98b20b_1_flip_lr_crop.mp4,1,/content/drive/MyDrive/ucf_experiments/ciclo_experimental_1/data/data_crop/train_resized/8pKKdS7rhXo_1-71fe98b20b_1_flip_lr_crop.mp4
15421,/content/drive/MyDrive/ucf_experiments/ciclo_experimental_1/data/data_crop/train/8pKKdS7rhXo_2-570c2586e9_1_flip_lr_crop.mp4,1,/content/drive/MyDrive/ucf_experiments/ciclo_experimental_1/data/data_crop/train_resized/8pKKdS7rhXo_2-570c2586e9_1_flip_lr_crop.mp4
15422,/content/drive/MyDrive/ucf_experiments/ciclo_experimental_1/data/data_crop/train/8SWZq5we_fk_0-c12d1b8e9a_1_flip_lr_crop.mp4,1,/content/drive/MyDrive/ucf_experiments/ciclo_experimental_1/data/data_crop/train_resized/8SWZq5we_fk_0-c12d1b8e9a_1_flip_lr_crop.mp4
15423,/content/drive/MyDrive/ucf_experiments/ciclo_experimental_1/data/data_crop/train/8SWZq5we_fk_1-e5a0b66ba3_1_flip_lr_crop.mp4,1,/content/drive/MyDrive/ucf_experiments/ciclo_experimental_1/data/data_crop/train_resized/8SWZq5we_fk_1-e5a0b66ba3_1_flip_lr_crop.mp4
15424,/content/drive/MyDrive/ucf_experiments/ciclo_experimental_1/data/data_crop/train/8VqTmuq4HcI_0-c1c3acfddd_1_flip_lr_crop.mp4,1,/content/drive/MyDrive/ucf_experiments/ciclo_experimental_1/data/data_crop/train_resized/8VqTmuq4HcI_0-c1c3acfddd_1_flip_lr_crop.mp4
15425,/content/drive/MyDrive/ucf_experiments/ciclo_experimental_1/data/data_crop/train/91TniI0y_0-6be9d31ccf_1_flip_lr_crop.mp4,1,/content/drive/MyDrive/ucf_experiments/ciclo_experimental_1/data/data_crop/train_resized/91TniI0y_0-6be9d31ccf_1_flip_lr_crop.mp4
15426,/content/drive/MyDrive/ucf_experiments/ciclo_experimental_1/data/data_crop/train/9ErNHIovPDI_0-585ee34203_1_flip_lr_crop.mp4,1,/content/drive/MyDrive/ucf_experiments/ciclo_experimental_1/data/data_crop/train_resized/9ErNHIovPDI_0-585ee34203_1_flip_lr_crop.mp4
15427,/content/drive/MyDrive/ucf_experiments/ciclo_experimental_1/data/data_crop/train/9U8J4abJGDg_0-c8bb1b75a5_1_flip_lr_crop.mp4,1,/content/drive/MyDrive/ucf_experiments/ciclo_experimental_1/data/data_crop/train_resized/9U8J4abJGDg_0-c8bb1b75a5_1_flip_lr_crop.mp4
15428,/content/drive/MyDrive/ucf_experiments/ciclo_experimental_1/data/data_crop/train/a2qLzOu_n0s_0-fa75c7befe_1_flip_lr_crop.mp4,1,/content/drive/MyDrive/ucf_experiments/ciclo_experimental_1/data/data_crop/train_resized/a2qLzOu_n0s_0-fa75c7befe_1_flip_lr_crop.mp4
15429,/content/drive/MyDrive/ucf_experiments/ciclo_experimental_1/data/data_crop/train/a2qLzOu_n0s_1-6ec10f42cd_1_flip_lr_crop.mp4,1,/content/drive/MyDrive/ucf_experiments/ciclo_experimental_1/data/data_crop/train_resized/a2qLzOu_n0s_1-6ec10f42cd_1_flip_lr_crop.mp4
15430,/content/drive/MyDrive/ucf_experiments/ciclo_experimental_1/data/data_crop/train/a2qLzOu_n0s_2-5bab5238b8_1_flip_lr_crop.mp4,1,/content/drive/MyDrive/ucf_experiments/ciclo_experimental_1/data/data_crop/train_resized/a2qLzOu_n0s_2-5bab5238b8_1_flip_lr_crop.mp4
15431,/content/drive/MyDrive/ucf_experiments/ciclo_experimental_1/data/data_crop/train/a2qLzOu_n0s_3-7dee9ffc09_1_flip_lr_crop.mp4,1,/content/drive/MyDrive/ucf_experiments/ciclo_experimental_1/data/data_crop/train_resized/a2qLzOu_n0s_3-7dee9ffc09_1_flip_lr_crop.mp4
15432,/content/drive/MyDrive/ucf_experiments/ciclo_experimental_1/data/data_crop/train/a2qLzOu_n0s_4-d36cabe65f_1_flip_lr_crop.mp4,1,/content/drive/MyDrive/ucf_experiments/ciclo_experimental_1/data/data_crop/train_resized/a2qLzOu_n0s_4-d36cabe65f_1_flip_lr_crop.mp4
15433,/content/drive/MyDrive/ucf_experiments/ciclo_experimental_1/data/data_crop/train/a7D2i0HTXGM_0-59af9d98bd_1_flip_lr_crop.mp4,1,/content/drive/MyDrive/ucf_experiments/ciclo_experimental_1/data/data_crop/train_resized/a7D2i0HTXGM_0-59af9d98bd_1_flip_lr_crop.mp4
15434,/content/drive/MyDrive/ucf_experiments/ciclo_experimental_1/data/data_crop/train/a7D2i0HTXGM_1-ac8ba060f9_1_flip_lr_crop.mp4,1,/content/drive/MyDrive/ucf_experiments/ciclo_experimental_1/data/data_crop/train_resized/a7D2i0HTXGM_1-ac8ba060f9_1_flip_lr_crop.mp4
15435,/content/drive/MyDrive/ucf_experiments/ciclo_experimental_1/data/data_crop/train/a7D2i0HTXGM_2-d4b7ebb97e_1_flip_lr_crop.mp4,1,/content/drive/MyDrive/ucf_experiments/ciclo_experimental_1/data/data_crop/train_resized/a7D2i0HTXGM_2-d4b7ebb97e_1_flip_lr_crop.mp4
15436,/content/drive/MyDrive/ucf_experiments/ciclo_experimental_1/data/data_crop/train/a7gBQaAFEtw_2-bc386a017d_1_flip_lr_crop.mp4,1,/content/drive/MyDrive/ucf_experiments/ciclo_experimental_1/data/data_crop/train_resized/a7gBQaAFEtw_2-bc386a017d_1_flip_lr_crop.mp4
15437,/content/drive/MyDrive/ucf_experiments/ciclo_experimental_1/data/data_crop/train/a7gBQaAFEtw_4-ae4bdc6d09_1_flip_lr_crop.mp4,1,/content/drive/MyDrive/ucf_experiments/ciclo_experimental_1/data/data_crop/train_resized/a7gBQaAFEtw_4-ae4bdc6d09_1_flip_lr_crop.mp4
